Date,Open,High,Low,Close,Adj Close,Volume
11/10/2016,157.660004,161.160004,157.589996,160.220001,145.863586,7715800
11/11/2016,159.970001,161.339996,159.330002,161.270004,146.819534,4446600
11/14/2016,161.25,161.860001,157.580002,158.210007,144.033707,5180400
11/15/2016,158.419998,159.149994,157.550003,158.669998,144.452484,3477000
11/16/2016,158.460007,159.550003,158.029999,159.289993,145.016922,2244100
11/17/2016,159.220001,159.929993,158.850006,159.800003,145.481232,2261200
11/18/2016,159.800003,160.720001,159.210007,160.389999,146.018387,2981600
11/21/2016,160.690002,163,160.369995,162.770004,148.185089,4637100
11/22/2016,163,163,161.949997,162.669998,148.09407,2770800
11/23/2016,161.940002,162.380005,161.360001,161.979996,147.465897,2252700
11/25/2016,161.830002,163.190002,161.830002,163.139999,148.521957,1605300
11/28/2016,163.199997,164.660004,162.699997,164.520004,149.778275,4449400
11/29/2016,164,164.410004,163.029999,163.529999,148.876984,3148200
11/30/2016,163.350006,163.800003,162.210007,162.220001,147.684387,4397800
12/1/2016,161.949997,162.199997,158.300003,159.820007,145.499451,4635700
12/2/2016,159,160.289993,158.410004,160.020004,145.681519,2740900
12/5/2016,160.850006,161.149994,159.589996,159.839996,145.51767,3447100
12/6/2016,160.130005,160.789993,158.929993,160.350006,145.981964,2859000
12/7/2016,160.600006,165.179993,160.389999,164.789993,150.024109,4435100
12/8/2016,164.869995,166,164.220001,165.360001,150.543015,3266400
12/9/2016,165.179993,166.720001,164.600006,166.520004,151.599091,3146900
12/12/2016,166.720001,166.789993,165.070007,165.5,150.670502,3392300
12/13/2016,165.679993,169.949997,165.679993,168.289993,153.210495,5932300
12/14/2016,168.369995,169.889999,167.449997,168.509995,153.410767,4124200
12/15/2016,168.009995,169.850006,167.779999,168.020004,152.964691,3388600
12/16/2016,168.970001,169.110001,166.059998,166.729996,151.790283,6679200
12/19/2016,166.830002,167.259995,166,166.679993,151.744736,2955900
12/20/2016,167.490005,168.25,166.449997,167.600006,152.582321,2174600
12/21/2016,166.25,167.940002,165.25,167.330002,152.336502,3575700
12/22/2016,167.360001,168.229996,166.580002,167.059998,152.090683,2802600
12/23/2016,167,167.490005,166.449997,166.710007,151.772079,1699200
12/27/2016,166.979996,167.979996,166.850006,167.139999,152.163513,1397500
12/28/2016,167.289993,167.740005,166,166.190002,151.29866,1757500
12/29/2016,166.020004,166.990005,166,166.600006,151.671906,1594000
12/30/2016,166.440002,166.699997,165.5,165.990005,151.116608,2952800
1/3/2017,167,167.869995,166.009995,167.190002,152.209076,2934300
1/4/2017,167.770004,169.869995,167.360001,169.259995,154.093567,3381400
1/5/2017,169.25,169.389999,167.259995,168.699997,153.583755,2682300
1/6/2017,168.690002,169.919998,167.520004,169.529999,154.339386,2945500
1/9/2017,169.470001,169.800003,167.619995,167.649994,152.627838,3184700
1/10/2017,167.979996,168.089996,165.339996,165.520004,150.688721,4118700
1/11/2017,166.050003,167.759995,165.600006,167.75,152.718872,3599500
1/12/2017,167.770004,168.009995,165.559998,167.949997,152.900955,2927500
1/13/2017,167.970001,168.479996,166.880005,167.339996,152.345612,2875400
1/17/2017,166.690002,168.179993,166.119995,167.889999,152.846344,3302900
1/18/2017,167.449997,168.589996,166.690002,166.800003,151.854004,4007800
1/19/2017,166.960007,167.449997,165.800003,166.809998,151.863098,6963400
1/20/2017,167.809998,170.639999,166,170.550003,155.26799,12690000
1/23/2017,170.080002,171.25,170.009995,171.029999,155.704971,5478200
1/24/2017,171.360001,176,171.160004,175.899994,160.138596,6952400
1/25/2017,176.259995,179.25,176.130005,178.289993,162.314423,5922500
1/26/2017,178.059998,178.880005,177.509995,178.660004,162.651291,3063900
1/27/2017,178.470001,179.199997,177.300003,177.300003,161.413147,3482300
1/30/2017,176.979996,177.070007,174.580002,175.800003,160.047577,4094800
1/31/2017,175.050003,175.580002,173.610001,174.520004,158.882263,4139000
2/1/2017,175,175.699997,172.889999,174.289993,158.672852,2795700
2/2/2017,174.229996,174.970001,173.550003,174.580002,158.93689,2620500
2/3/2017,175,176.339996,174.889999,175.820007,160.065781,3309300
2/6/2017,175.309998,175.979996,174.380005,175.860001,160.102188,2650800
2/7/2017,176,178.619995,175.899994,178.460007,162.469223,3873500
2/8/2017,177.5,177.5,175.880005,176.169998,161.652573,2913100
2/9/2017,176.169998,177.800003,175.910004,177.210007,162.606888,3090700
2/10/2017,177.369995,178.869995,176.759995,178.679993,163.955719,2930700
2/13/2017,179.240005,179.899994,178.839996,179.360001,164.579681,3093400
2/14/2017,178.570007,180.130005,178.350006,180.130005,165.286224,2567900
2/15/2017,180.199997,181.919998,179.809998,181.679993,166.708511,2914300
2/16/2017,181.449997,182.789993,180.869995,181.429993,166.47908,3251500
2/17/2017,181.25,181.570007,180,180.669998,165.781723,3552500
2/21/2017,180.600006,180.789993,179.119995,180.259995,165.405533,4480300
2/22/2017,180.089996,181.339996,180.089996,181.149994,166.222168,3020500
2/23/2017,182,182.5,180.919998,181.649994,166.680969,2282500
2/24/2017,180.210007,181.490005,179.889999,181.350006,166.405701,3300100
2/27/2017,181.190002,181.25,179.279999,179.399994,164.616379,3691300
2/28/2017,179.380005,180.630005,179.350006,179.820007,165.001785,3273400
3/1/2017,180.479996,182.550003,180.029999,181.949997,166.956284,3005600
3/2/2017,181.880005,181.880005,180.429993,180.529999,165.653275,2918200
3/3/2017,180.529999,181.320007,179.759995,180.050003,165.21283,1822000
3/6/2017,179.720001,180.990005,179.570007,180.470001,165.598221,3204400
3/7/2017,180.710007,181.289993,180.199997,180.380005,165.515625,2980500
3/8/2017,180.75,180.949997,179.300003,179.449997,164.662277,3557400
3/9/2017,179.149994,179.25,175.880005,177.179993,162.579315,5444100
3/10/2017,178.210007,179.490005,177.419998,177.830002,163.175766,3100300
3/13/2017,177.850006,178.059998,176.419998,176.460007,161.918655,3482200
3/14/2017,176.179993,176.820007,175.210007,175.720001,161.239639,3147500
3/15/2017,175.710007,176.279999,174.75,175.809998,161.322235,3815500
3/16/2017,178.460007,179,176.820007,177.240005,162.634369,4311800
3/17/2017,176.289993,176.789993,175.649994,175.649994,161.175415,5921000
3/20/2017,175.649994,176.179993,175.139999,175.699997,161.221298,2476100
3/21/2017,176.009995,176.229996,173.839996,173.880005,159.551285,3927700
3/22/2017,174.039993,175.059998,172.800003,174.779999,160.377121,3450500
3/23/2017,174.429993,175.669998,173.559998,174.820007,160.413834,3740000
3/24/2017,175.119995,175.5,173.389999,173.830002,159.505386,3221700
3/27/2017,172.690002,174.160004,172.089996,173.770004,159.450333,3259000
3/28/2017,173.940002,175,173,174.509995,160.129349,3523900
3/29/2017,174.300003,174.490005,173.460007,173.940002,159.606354,3085600
3/30/2017,173.860001,174.589996,173.690002,173.860001,159.532928,3168300
3/31/2017,173.979996,174.949997,173.690002,174.139999,159.789825,2913700
4/3/2017,173.820007,174.869995,173.380005,174.5,160.120178,4286500
4/4/2017,173.520004,174.960007,173.259995,174.520004,160.138535,3108900
4/5/2017,174.699997,176.330002,172.809998,172.880005,158.633682,6238900
4/6/2017,173.470001,173.470001,172.25,172.449997,158.239105,3435400
4/7/2017,172.080002,172.929993,171.279999,172.139999,157.954666,3588300
4/10/2017,172.529999,172.559998,171,171.199997,157.092117,3789900
4/11/2017,170.649994,171.229996,168.979996,170.580002,156.523209,4891900
4/12/2017,171.039993,171.199997,170.020004,170.660004,156.596603,3276900
4/13/2017,169.919998,171.360001,169.529999,169.529999,155.559738,3205500
4/17/2017,169.75,171.300003,169.619995,171.100006,157.000366,3720200
4/18/2017,170.789993,171.690002,169.830002,170.050003,156.036896,6345500
4/19/2017,161.759995,162.639999,159.600006,161.690002,148.365799,19284300
4/20/2017,161.320007,162.399994,160.5,162.300003,148.925537,6486800
4/21/2017,162.050003,162.110001,160.380005,160.380005,147.163742,5607800
4/24/2017,161.289993,161.570007,160.419998,160.75,147.50325,5320600
4/25/2017,161.779999,162.039993,160.380005,160.389999,147.172943,4860400
4/26/2017,160.529999,161.100006,159.889999,160.059998,146.870117,4327800
4/27/2017,160.289993,160.479996,159.630005,160.320007,147.108704,4122600
4/28/2017,160.5,160.589996,159.699997,160.289993,147.081146,4154100
5/1/2017,160.050003,160.419998,158.699997,158.839996,145.750641,4935300
5/2/2017,159.440002,159.490005,158.639999,159.100006,145.989227,3208200
5/3/2017,158.740005,159.449997,158.520004,158.630005,145.557953,3993300
5/4/2017,158.889999,159.139999,158.360001,159.050003,145.943359,4280600
5/5/2017,153.520004,155.779999,153,155.050003,142.27298,12521300
5/8/2017,152.800003,153.470001,152.199997,153.029999,141.791153,7492000
5/9/2017,152.600006,153.100006,151.559998,152.110001,140.938705,6853000
5/10/2017,151.649994,152.369995,151.130005,151.25,140.141891,4999900
5/11/2017,151.050003,151.149994,149.789993,150.649994,139.585953,5627900
5/12/2017,150.300003,151.259995,150,150.369995,139.326508,3715300
5/15/2017,150.619995,151.830002,150.449997,151.509995,140.382797,4245500
5/16/2017,151.660004,153.990005,151.660004,153.679993,142.393417,5513700
5/17/2017,153.300003,154.139999,150.889999,150.929993,139.845383,5191500
5/18/2017,150.860001,151.330002,150.110001,150.779999,139.706421,3274200
5/19/2017,151.009995,152.460007,150.889999,151.979996,140.818298,5643000
5/22/2017,152.100006,152.839996,151.600006,152.639999,141.429794,3302100
5/23/2017,152.570007,153.679993,151.919998,152.029999,140.864609,2564500
5/24/2017,152.210007,152.759995,151.229996,152.509995,141.309357,3732400
5/25/2017,153.25,153.729996,152.949997,153.199997,141.948685,2582700
5/26/2017,152.850006,153,152.059998,152.490005,141.290817,2443300
5/30/2017,151.949997,152.669998,151.589996,151.729996,140.586609,3666000
5/31/2017,152.029999,152.800003,151.649994,152.630005,141.420563,3543400
6/1/2017,152.800003,152.869995,151.630005,152.669998,141.457596,2918100
6/2/2017,153.070007,153.199997,151.800003,152.050003,140.883133,3585700
6/5/2017,151.820007,152.929993,151.679993,152.410004,141.216705,3975100
6/6/2017,152,152.889999,152,152.369995,141.179611,3797200
6/7/2017,153.050003,154.199997,150.800003,150.979996,139.891724,4865700
6/8/2017,151,152.820007,150.919998,152.100006,140.929459,3709000
6/9/2017,152,154.259995,151.880005,154.100006,142.782578,4361500
6/12/2017,154.190002,157.199997,154.020004,155.179993,143.783249,6471500
6/13/2017,155.440002,155.479996,154.149994,154.25,142.921555,3523500
6/14/2017,153.970001,154.940002,152.940002,153.809998,142.51387,3049100
6/15/2017,153.289993,154.690002,153.289993,154.220001,142.893784,4654300
6/16/2017,154.229996,155.419998,152.970001,155.380005,143.968567,6742000
6/19/2017,155.509995,155.860001,154.539993,154.839996,143.468231,4629500
6/20/2017,154.479996,155.389999,154.25,154.949997,143.57016,4481700
6/21/2017,155.789993,155.789993,153.389999,153.789993,142.495331,3959700
6/22/2017,154.550003,154.990005,153.690002,154.399994,143.060532,2376500
6/23/2017,154.339996,154.679993,153.800003,154.110001,142.79187,3282200
6/26/2017,154.710007,155.75,154.630005,155.229996,143.82959,2153500
6/27/2017,155,155.339996,154.5,154.75,143.384842,2386500
6/28/2017,155.149994,155.550003,154.779999,155.320007,143.912994,2221000
6/29/2017,155.350006,155.740005,153.619995,154.130005,142.810394,3262200
6/30/2017,154.279999,154.5,153.139999,153.830002,142.53241,3571500
7/3/2017,153.580002,156.029999,153.520004,155.580002,144.15387,2822500
7/5/2017,155.770004,155.889999,153.630005,153.669998,142.384155,3564400
7/6/2017,153.360001,153.830002,152.229996,152.360001,141.170395,2757500
7/7/2017,152.619995,153.490005,152.139999,152.940002,141.707779,2460100
7/10/2017,152.910004,153.889999,152.630005,153.419998,142.152512,3206200
7/11/2017,153.259995,153.649994,152.050003,153.190002,141.939407,3447500
7/12/2017,153.479996,154.240005,153.050003,153.699997,142.411942,3097900
7/13/2017,153.699997,154.190002,153.190002,153.630005,142.347122,2476100
7/14/2017,154.009995,154.619995,153.399994,154.240005,142.912308,3256400
7/17/2017,153.589996,153.880005,152.240005,153.009995,141.772629,4762600
7/18/2017,152.360001,154.289993,152,154,142.689911,7566800
7/19/2017,150.020004,150.25,146.710007,147.529999,136.695084,14293600
7/20/2017,147.529999,148.830002,147.029999,147.660004,136.815552,7212200
7/21/2017,147.589996,147.869995,146.509995,147.080002,136.278122,6509500
7/24/2017,147,147.039993,145.800003,145.990005,135.268219,3877600
7/25/2017,146.570007,147.490005,146.029999,146.190002,135.453522,4208900
7/26/2017,146.270004,146.460007,144.470001,145.360001,134.684464,3932400
7/27/2017,145,145.399994,143.639999,145.070007,134.415787,6430800
7/28/2017,144.809998,145.039993,143.839996,144.289993,133.693039,3054800
7/31/2017,144.380005,144.929993,144.169998,144.669998,134.045135,4355700
8/1/2017,145,145.669998,144.720001,145.300003,134.628876,3219500
8/2/2017,145.119995,145.289993,144.220001,144.449997,133.841293,3540900
8/3/2017,144.429993,145.339996,144.429993,144.940002,134.295303,3035400
8/4/2017,145,145.389999,144.399994,145.160004,134.499161,2549400
8/7/2017,145,145.089996,142.75,143.470001,132.933258,4618300
8/8/2017,142,142.759995,142,142.110001,133.064362,3298700
8/9/2017,141.75,142.029999,141.190002,141.770004,132.746002,2925800
8/10/2017,141.639999,142.419998,141.229996,141.839996,132.811523,4525400
8/11/2017,142.449997,142.589996,141.520004,141.839996,132.811523,3004000
8/14/2017,142,142.759995,141.940002,142.320007,133.260986,2222300
8/15/2017,142.550003,143.339996,140.580002,142.070007,133.026917,4681500
8/16/2017,141.789993,142.910004,141.610001,142.5,133.429535,3287800
8/17/2017,142.520004,142.889999,140.699997,140.699997,131.744095,4422100
8/18/2017,140.869995,141.149994,139.580002,139.699997,130.80777,4152700
8/21/2017,139.589996,140.419998,139.130005,140.330002,131.397644,3190700
8/22/2017,140.639999,141.149994,140.380005,141.009995,132.034363,2544400
8/23/2017,140.699997,143.050003,140.679993,142.139999,133.092438,4048300
8/24/2017,142.5,143.679993,142.25,142.940002,133.841507,3592200
8/25/2017,143.300003,144.190002,143.25,143.740005,134.590591,2872900
8/28/2017,144.110001,144.559998,142.389999,142.509995,133.438889,5134500
8/29/2017,142.100006,143.429993,141.899994,143.139999,134.028793,3009500
8/30/2017,143.259995,143.279999,142.410004,142.559998,133.485718,2736000
8/31/2017,143.020004,143.660004,142.630005,143.029999,133.925797,3656400
9/1/2017,142.979996,144.5,142.979996,144.080002,134.908951,3351700
9/5/2017,143.5,144.360001,142.699997,143.039993,133.935165,3097500
9/6/2017,143.880005,144.470001,143.5,143.820007,134.665527,3273300
9/7/2017,144.100006,144.639999,142.410004,142.899994,133.804062,4188200
9/8/2017,143.149994,143.149994,141.639999,142.449997,133.382721,3366200
9/11/2017,143.539993,145.130005,143.009995,144.860001,135.639297,4613400
9/12/2017,145.110001,146.369995,144.509995,145.759995,136.48201,5238100
9/13/2017,145.350006,146.289993,145.339996,145.990005,136.697403,4101000
9/14/2017,145.860001,146.380005,145.509995,145.539993,136.276031,3756900
9/15/2017,144.820007,145.169998,144.080002,144.820007,135.601852,7397200
9/18/2017,144.809998,145.479996,144.270004,144.550003,135.34903,3019500
9/19/2017,144.789993,144.979996,144.220001,144.389999,135.199234,3464400
9/20/2017,144.929993,145.880005,144.419998,145.880005,136.594391,5447500
9/21/2017,145.649994,145.889999,145.100006,145.259995,136.01387,2555600
9/22/2017,145.589996,145.589996,144.589996,145.130005,135.892136,2792300
9/25/2017,145.119995,146.029999,144.910004,145.869995,136.585007,5213100
9/26/2017,146.360001,147.419998,145.940002,146.559998,137.23111,4488600
9/27/2017,146.679993,146.899994,145.029999,145.660004,136.388397,3502700
9/28/2017,145.660004,145.860001,144.210007,145.660004,136.388397,2774800
9/29/2017,145.449997,145.690002,144.919998,145.080002,135.845322,2654700
10/2/2017,145.350006,146.869995,145.210007,146.660004,137.324753,2973200
10/3/2017,146.690002,147.199997,146.339996,146.779999,137.437088,2302700
10/4/2017,147,147.020004,146.110001,146.479996,137.156204,2244400
10/5/2017,146.679993,147.539993,146.479996,146.720001,137.38092,2686500
10/6/2017,146.639999,146.850006,146.320007,146.479996,137.156204,2623200
10/9/2017,146.5,147.789993,146.350006,147.389999,138.008286,2682600
10/10/2017,147.710007,148.949997,147.649994,148.5,139.047607,4032600
10/11/2017,148.399994,148.470001,147.279999,147.619995,138.223618,3702200
10/12/2017,147.559998,147.889999,146.770004,147.029999,137.671188,3264300
10/13/2017,147.479996,147.850006,146.940002,147.100006,137.736725,2506600
10/16/2017,147.220001,147.669998,146.509995,146.830002,137.483902,3052100
10/17/2017,146.630005,147.119995,146.179993,146.539993,137.212372,6372400
10/18/2017,157.119995,161.229996,156.949997,159.529999,149.375534,30490200
10/19/2017,159.800003,160.960007,159.089996,160.899994,150.658325,9914200
10/20/2017,161.070007,162.479996,159.770004,162.070007,151.753845,7868800
10/23/2017,162.050003,162.509995,159.539993,159.550003,149.394272,5779400
10/24/2017,159.649994,159.699997,155.169998,155.880005,145.95787,8194700
10/25/2017,156.009995,156.369995,153.059998,153.5,143.72934,6921100
10/26/2017,154.309998,155.119995,153.539993,153.600006,143.822998,4300500
10/27/2017,154.539993,154.630005,152.910004,153.679993,143.897888,4895200
10/30/2017,153.759995,154.589996,152.710007,154.360001,144.534622,4210400
10/31/2017,154.330002,154.929993,152.929993,154.059998,144.253708,4328300
11/1/2017,154.100006,154.899994,153.830002,154.029999,144.225632,3240200
11/2/2017,154.179993,154.490005,152.910004,153.350006,143.588913,3397600
11/3/2017,153.419998,153.470001,151.490005,151.580002,141.931564,4431800
11/6/2017,151.770004,151.820007,150.279999,150.839996,141.238663,4498400
11/7/2017,151.369995,151.509995,150.5,151.350006,141.716187,3701100
11/8/2017,151.600006,151.789993,150.279999,151.570007,141.922195,4634400
11/9/2017,149.929993,151.800003,149.860001,150.300003,142.139709,4776500
11/10/2017,150.649994,150.889999,149.139999,149.160004,141.061615,4307300
11/13/2017,148.880005,149,147.919998,148.399994,140.342865,5107500
11/14/2017,147.949997,148.970001,147.490005,148.889999,140.80629,3758000
11/15/2017,148,148.710007,146.210007,147.100006,139.113464,4773300
11/16/2017,147.729996,149.649994,147.5,149.119995,141.023773,5446500
11/17/2017,149.339996,150.149994,148.830002,148.970001,140.881927,4916500
11/20/2017,150.639999,151.949997,149.899994,150.509995,142.338303,5676500
11/21/2017,151.300003,152.449997,151.199997,151.949997,143.700119,3756200
11/22/2017,152,152.389999,151.330002,151.770004,143.529892,3213600
11/24/2017,151.949997,152.199997,151.330002,151.839996,143.596085,1193000
11/27/2017,152.059998,152.490005,151.619995,151.979996,143.7285,3374000
11/28/2017,152.350006,152.929993,151.699997,152.470001,144.191895,3973700
11/29/2017,152.809998,153.610001,152.169998,153.550003,145.213257,5098700
11/30/2017,153.649994,154.410004,153.080002,153.970001,145.610443,6500800
12/1/2017,154.399994,155.020004,152.910004,154.759995,146.357559,5567900
12/4/2017,155.960007,156.800003,155.070007,156.460007,147.965286,4664300
12/5/2017,156.449997,156.740005,154.679993,155.350006,146.915543,5068000
12/6/2017,154.100006,156.220001,154.089996,154.100006,145.733398,3410700
12/7/2017,153.589996,154.449997,153.259995,153.570007,145.232178,3771100
12/8/2017,154.979996,155.029999,153.550003,154.809998,146.404846,3520300
12/11/2017,155.460007,155.889999,154.570007,155.410004,146.97226,4102700
12/12/2017,157.300003,157.850006,155.160004,156.740005,148.230072,6321800
12/13/2017,156.600006,156.729996,153.889999,153.910004,145.553711,5661600
12/14/2017,154.600006,155.110001,153.699997,154,145.638824,4637400
12/15/2017,153.610001,153.800003,152.029999,152.5,144.220261,11279900
12/18/2017,153.589996,154.179993,153.210007,153.330002,145.005203,5092800
12/19/2017,154.050003,154.169998,153.089996,153.229996,144.910645,4116400
12/20/2017,153.649994,153.889999,152.779999,152.949997,144.645828,3785700
12/21/2017,153.169998,153.460007,151.490005,151.5,143.274567,4153900
12/22/2017,151.820007,153,151.5,152.5,144.220261,2990600
12/26/2017,152.509995,153.860001,152.5,152.830002,144.532349,2479000
12/27/2017,152.949997,153.179993,152.610001,153.130005,144.816071,2149300
12/28/2017,153.199997,154.119995,153.199997,154.039993,145.676651,2687600
12/29/2017,154.169998,154.720001,153.419998,153.419998,145.090317,3327100
1/2/2018,154.5,154.809998,153.539993,154.25,145.875259,4202500
1/3/2018,157.339996,159.809998,156.330002,158.490005,149.885071,9441600
1/4/2018,159.649994,162.320007,159.369995,161.699997,152.920776,7556200
1/5/2018,162.440002,162.899994,161.100006,162.490005,153.667892,5195800
1/8/2018,162.660004,163.910004,161.699997,163.470001,154.594681,5237500
1/9/2018,163.899994,164.529999,163.059998,163.830002,154.935135,4341800
1/10/2018,162.910004,164.330002,162.5,164.179993,155.266129,4174100
1/11/2018,164.800003,164.940002,163.300003,164.199997,155.285049,3794500
1/12/2018,164.020004,164.740005,163.029999,163.139999,154.282578,5031900
1/16/2018,165.100006,165.289993,163.350006,163.850006,154.954056,7794200
1/17/2018,168.009995,169.130005,167.259995,168.649994,159.493423,11630500
1/18/2018,170,171.130005,168.149994,169.119995,159.937897,14259300
1/19/2018,164.460007,165.399994,161.300003,162.369995,153.554382,21172500
1/22/2018,161.509995,163.979996,161.110001,162.600006,153.771912,8480800
1/23/2018,162.820007,166.259995,162.509995,166.25,157.22374,7466200
1/24/2018,166.75,168.720001,164.820007,165.369995,156.39151,5645000
1/25/2018,165.910004,166.779999,165.190002,165.470001,156.486069,3302500
1/26/2018,166.119995,167.410004,165.789993,167.339996,158.254562,3787900
1/29/2018,167.449997,168.389999,166.009995,166.800003,157.743866,3517000
1/30/2018,166.210007,166.770004,163.160004,163.619995,154.736526,4902300
1/31/2018,163.75,164.990005,162.759995,163.699997,154.81218,4072800
2/1/2018,163.190002,164.130005,161.899994,162.399994,153.582764,4434200
2/2/2018,161.699997,162,158.869995,159.029999,150.395721,5251900
2/5/2018,157.889999,158.5,150,152.529999,144.248642,8746600
2/6/2018,150.289993,155.490005,149.110001,155.339996,146.906067,9867700
2/7/2018,154.169998,155.339996,153.279999,153.850006,145.496979,6149200
2/8/2018,152.479996,153.160004,147.5,147.589996,140.95108,6779100
2/9/2018,148.600006,150.539993,144.399994,149.509995,142.784729,7828300
2/12/2018,150.899994,152.399994,150.300003,151.399994,144.589691,5881400
2/13/2018,150.899994,151.179993,149.639999,150.75,143.968948,4891000
2/14/2018,150.190002,155,150,154.759995,147.798569,5479000
2/15/2018,155.5,156.860001,153.699997,156.009995,148.992355,5623600
2/16/2018,155.710007,157.789993,155.690002,156.179993,149.154694,4282900
2/20/2018,155.789993,155.960007,153.869995,155.160004,148.180573,4489600
2/21/2018,155.429993,156.789993,153.899994,153.960007,147.034576,3728600
2/22/2018,154.5,155.039993,152.789993,153.179993,146.289627,4024600
2/23/2018,154.300003,155.850006,154.070007,155.520004,148.524384,3256100
2/26/2018,155.809998,158.880005,155.509995,158.580002,151.446747,3610300
2/27/2018,158.460007,159.779999,156.529999,156.550003,149.508057,4237300
2/28/2018,157.5,158.139999,155.800003,155.830002,148.820435,3803500
3/1/2018,155.529999,156.970001,152.789993,153.809998,146.891281,4039300
3/2/2018,152.789993,154.759995,151.880005,154.490005,147.540726,3261100
3/5/2018,154.119995,157.490005,153.75,156.949997,149.890045,3670600
3/6/2018,157.279999,157.889999,155.160004,155.720001,148.715378,3685700
3/7/2018,155,158.830002,154.729996,158.320007,151.198456,4607700
3/8/2018,159,159.570007,155.070007,156.210007,149.18335,6455600
3/9/2018,157.470001,159.580002,157.300003,159.309998,152.143906,5022200
3/12/2018,159.639999,161.020004,158.869995,160.259995,153.051163,5063500
3/13/2018,160.089996,162.110001,158.809998,159.320007,152.153442,4185600
3/14/2018,160.169998,160.679993,157.740005,158.119995,151.007431,3631800
3/15/2018,158.710007,161.25,158.520004,159.610001,152.430389,3870600
3/16/2018,160.059998,161.979996,159.639999,160.259995,153.051163,9262700
3/19/2018,159.710007,159.889999,156.449997,157.350006,150.272064,5482000
3/20/2018,157.520004,157.929993,155.289993,156.199997,149.173782,4336700
3/21/2018,156.570007,158.199997,155.919998,156.690002,149.641754,3482200
3/22/2018,155,155.25,152,152.089996,145.248657,4746300
3/23/2018,152.25,152.580002,148.539993,148.889999,142.192627,4440900
3/26/2018,151.210007,153.660004,150.279999,153.369995,146.471085,4103900
3/27/2018,153.949997,154.869995,151.160004,151.910004,145.076767,3883700
3/28/2018,152.070007,153.860001,151.889999,152.520004,145.659332,3664800
3/29/2018,153.070007,153.889999,151.080002,153.429993,146.528397,3420000
4/2/2018,153.339996,153.380005,148.429993,150.070007,143.319534,5150400
4/3/2018,150.800003,151,148.300003,149.850006,143.109436,4135700
4/4/2018,147.889999,154.470001,147.449997,154.119995,147.187363,4805300
4/5/2018,154.440002,154.919998,153.339996,154.029999,147.101395,3185400
4/6/2018,153.460007,153.949997,149.539993,150.570007,143.797058,3672900
4/9/2018,151.800003,154.660004,151.740005,152.690002,145.821686,4413200
4/10/2018,155.029999,156.600006,154.75,155.389999,148.400238,3806400
4/11/2018,154.369995,155.779999,153.880005,155.360001,148.371582,3306500
4/12/2018,156.75,158.979996,156.669998,158.070007,150.959686,5639400
4/13/2018,158.669998,159.220001,155.910004,156.710007,149.660858,4057100
4/16/2018,157.990005,159.139999,157.669998,157.889999,150.787766,4186800
4/17/2018,158.820007,162,158.509995,160.910004,153.671936,10207500
4/18/2018,152.139999,152.630005,148.259995,148.789993,142.097107,20381700
4/19/2018,149.190002,149.210007,146.619995,147.699997,141.056152,8086100
4/20/2018,147.899994,147.970001,144.509995,144.899994,138.38208,8265600
4/23/2018,145.029999,145.960007,144.330002,145.860001,139.29892,5315600
4/24/2018,146.509995,147.300003,144.529999,145.559998,139.012405,4916500
4/25/2018,145.789993,146.399994,144.110001,145.940002,139.37532,7326400
4/26/2018,146.600006,147.360001,146.199997,146.720001,140.120209,4265800
4/27/2018,146.839996,147.25,145.660004,146.479996,139.891037,3205500
4/30/2018,146.860001,147.380005,144.960007,144.960007,138.439392,4415500
5/1/2018,144.649994,145.020004,143.470001,145,138.477585,4433400
5/2/2018,144.460007,144.820007,142.070007,142.449997,136.042297,5194900
5/3/2018,142.130005,142.229996,139.899994,141.990005,135.602997,5018600
5/4/2018,141.100006,144.350006,140.279999,143.910004,137.4366,4402200
5/7/2018,144,144.320007,142.639999,143.220001,136.777649,3657000
5/8/2018,143,143.509995,142.059998,143,136.567566,5369100
5/9/2018,141.899994,143.020004,141.279999,142.610001,137.706985,4196000
5/10/2018,143.149994,144.330002,143.009995,144.240005,139.280945,3726600
5/11/2018,144.110001,144.850006,143.580002,144.139999,139.184387,3073200
5/14/2018,144.470001,145.119995,144.139999,144.300003,139.338882,3216100
5/15/2018,143.5,143.990005,142.919998,143.740005,138.798141,4089400
5/16/2018,143.699997,145.029999,143.270004,144.630005,139.657547,3168700
5/17/2018,144.5,145.190002,143.770004,144.5,139.532013,3147700
5/18/2018,144.470001,144.940002,143.990005,144.080002,139.12645,2682200
5/21/2018,144.949997,146.039993,144.679993,145.490005,140.487976,2894700
5/22/2018,145.520004,146.199997,145,145.089996,140.101715,2284000
5/23/2018,144.350006,144.699997,143.479996,144.669998,139.696167,3382000
5/24/2018,144.389999,144.479996,142.949997,144.070007,139.116806,3398700
5/25/2018,143.899994,144.570007,143.460007,143.639999,138.701569,4914300
5/29/2018,142.529999,142.889999,140.210007,141.220001,136.364777,4537600
5/30/2018,141.899994,143.100006,141.820007,142.619995,137.716629,5118500
5/31/2018,142.809998,142.809998,141.050003,141.309998,136.451675,6830300
6/1/2018,142.429993,142.839996,141.619995,141.949997,137.069672,3857500
6/4/2018,142.300003,143.169998,142.179993,143.039993,138.122192,3035300
6/5/2018,143.050003,144.080002,143.039993,143.699997,138.759506,2836000
6/6/2018,144.339996,144.720001,143.539993,144.710007,139.734787,3220100
6/7/2018,145,146.699997,144.929993,145.360001,140.362442,4316500
6/8/2018,145,146.429993,144.369995,146.139999,141.115616,5210500
6/11/2018,146.619995,147.410004,146.139999,146.580002,141.540497,3260000
6/12/2018,147.100006,147.520004,146.619995,146.869995,141.820511,2640500
6/13/2018,146.789993,147.470001,146.199997,146.350006,141.318405,2968200
6/14/2018,146.649994,146.979996,145.089996,145.199997,140.207932,3326300
6/15/2018,144.899994,145.470001,143.699997,145.389999,140.391388,9116000
6/18/2018,144.179993,144.520004,143.139999,144.479996,139.51268,4286400
6/19/2018,143.119995,144.220001,142.949997,143.899994,138.952621,3487000
6/20/2018,144.220001,144.520004,142.410004,142.630005,137.726303,3329900
6/21/2018,142.589996,143.139999,140.830002,141.25,136.393738,3887700
6/22/2018,141.639999,141.809998,140.779999,141.279999,136.422714,5611300
6/25/2018,140.399994,140.399994,138.279999,138.789993,134.018311,8937100
6/26/2018,139.360001,139.850006,138.330002,139.080002,134.29834,4139500
6/27/2018,139.110001,139.779999,137.449997,137.479996,132.753357,4101800
6/28/2018,138.100006,140.539993,137.949997,140.039993,135.225327,4523700
6/29/2018,140.320007,141.360001,139.610001,139.699997,134.897034,3710100
7/2/2018,138.279999,140.220001,138.199997,139.860001,135.051529,3405400
7/3/2018,140.649994,140.940002,139.369995,139.570007,134.7715,1963200
7/5/2018,140.479996,141.429993,139.929993,141.429993,136.567551,3744700
7/6/2018,141.529999,142.940002,141.169998,142.479996,137.581451,2849000
7/9/2018,142.589996,144.720001,142.470001,144.389999,139.425781,3904700
7/10/2018,144.509995,145.589996,144.259995,144.710007,139.734787,3777000
7/11/2018,144,146.190002,144,144.940002,139.956879,3526600
7/12/2018,145.850006,146.830002,145.740005,146.449997,141.414963,3119500
7/13/2018,146.449997,146.979996,145.800003,145.899994,140.883865,3062600
7/16/2018,145.669998,145.789993,144.210007,145.460007,140.459,3468800
7/17/2018,144.75,145,143.339996,143.490005,138.556717,5096700
7/18/2018,143.509995,144.800003,142.740005,144.520004,139.551315,6935300
7/19/2018,147.850006,150.539993,147.25,149.240005,144.109039,14655800
7/20/2018,148.580002,148.860001,146.259995,146.350006,141.318405,6414600
7/23/2018,146.350006,146.699997,145.009995,145.699997,140.690735,3897900
7/24/2018,146.699997,147.039993,145.919998,146.380005,141.347366,3891600
7/25/2018,146.009995,146.649994,145.5,146.619995,141.579102,3630900
7/26/2018,147.429993,149.270004,146.630005,146.710007,141.666031,4778000
7/27/2018,146.889999,147.139999,144.660004,145.149994,140.159653,3749300
7/30/2018,144.800003,146.240005,144.690002,145.490005,140.487976,3608200
7/31/2018,145.740005,145.800003,144.160004,144.929993,139.94722,5474200
8/1/2018,144.759995,145.190002,143.339996,143.5,138.566391,3388400
8/2/2018,142.860001,143.360001,142.330002,142.960007,138.044952,3841400
8/3/2018,143.240005,147.919998,143,147.699997,142.621994,8053600
8/6/2018,146.949997,147.199997,145.570007,146.029999,141.009399,3913700
8/7/2018,146.649994,147.639999,146.350006,147.009995,141.955719,3508800
8/8/2018,147.330002,147.429993,146.240005,146.889999,141.839828,3581100
8/9/2018,145.529999,145.940002,144.729996,144.770004,141.303009,3093500
8/10/2018,144.5,145.070007,143.880005,144.479996,141.019943,3003100
8/13/2018,144.149994,144.300003,142.529999,142.710007,139.292343,2858500
8/14/2018,143,143.820007,142.929993,143.360001,139.926773,2860000
8/15/2018,142.550003,144,142,143.910004,140.463593,4241500
8/16/2018,144.369995,145.679993,144.369995,145.339996,141.859344,5250700
8/17/2018,144.789993,146.389999,144.690002,146.059998,142.562119,2678600
8/20/2018,146.369995,147.160004,146.149994,146.509995,143.001328,2499700
8/21/2018,147,147.119995,145.889999,145.970001,142.474274,3106900
8/22/2018,146.009995,146.160004,145.190002,145.240005,141.761765,2389000
8/23/2018,145.039993,145.520004,144.75,145.369995,141.888626,2220400
8/24/2018,145.460007,146.089996,144.869995,146.039993,142.542587,2776600
8/27/2018,146.940002,147.619995,146.520004,146.690002,143.177017,3491600
8/28/2018,146.949997,146.990005,146.190002,146.589996,143.079422,2455300
8/29/2018,146.869995,147.929993,146.600006,147.539993,144.006668,3153800
8/30/2018,147.029999,147.300003,145.25,145.929993,142.435226,3340400
8/31/2018,145.720001,146.779999,145.539993,146.479996,142.972046,3488500
9/4/2018,145.979996,146.190002,144.809998,145.679993,142.191193,3326200
9/5/2018,145.190002,146.75,145.050003,146.660004,143.147751,3126500
9/6/2018,146.880005,147.660004,145.539993,146.389999,142.884216,4248800
9/7/2018,145.940002,146.5,145.119995,145.449997,141.966721,4693100
9/10/2018,146.600006,147.300003,145.559998,145.649994,142.161926,3618300
9/11/2018,146,146.990005,145.25,146.490005,142.981812,3374700
9/12/2018,146.369995,147.979996,146.029999,146.570007,143.059906,4506700
9/13/2018,147.350006,149,147.119995,148.949997,145.382889,5346500
9/14/2018,148.850006,149.300003,147.779999,148.330002,144.77774,3452100
9/17/2018,148.440002,149.070007,147.770004,147.940002,144.397095,3551900
9/18/2018,147.759995,148.990005,147.470001,148.559998,145.002243,3629400
9/19/2018,148.630005,149.960007,148.229996,149.059998,145.490265,4246200
9/20/2018,149.580002,151.380005,149.440002,151.149994,147.530212,5952200
9/21/2018,151.479996,152.600006,150.740005,151.350006,147.725433,19947500
9/24/2018,151.100006,151.199997,149.460007,150.029999,146.437027,4265000
9/25/2018,149.910004,150.410004,148.360001,148.910004,145.343872,4397500
9/26/2018,152.399994,153.350006,151.339996,151.610001,147.979202,7401900
9/27/2018,152.009995,152.389999,151.160004,151.5,147.871841,3477600
9/28/2018,151.160004,151.630005,150.789993,151.210007,147.588791,3305800
10/1/2018,151.710007,153.419998,151.710007,153,149.335907,3757400
10/2/2018,152.990005,153.839996,152.5,153.75,150.067947,3029900
10/3/2018,154,154.360001,152.800003,153.220001,149.550629,3315300
10/4/2018,151.690002,152.800003,150.360001,151.309998,147.686371,4237900
10/5/2018,150.899994,151.789993,147.869995,149.029999,145.460983,4602200
10/8/2018,148.5,149.070007,147.179993,148.389999,144.836304,3239300
10/9/2018,148.080002,148.360001,146.929993,147.240005,143.713852,3642400
10/10/2018,147.5,147.690002,142.5,142.690002,139.272812,5547700
10/11/2018,142.619995,144.190002,138.779999,139.020004,135.690704,8710500
10/12/2018,141.119995,141.539993,139.080002,140.850006,137.476883,6563400
10/15/2018,140.380005,142.259995,140.139999,141.130005,137.750183,4965500
10/16/2018,142.929993,145.449997,141.580002,145.119995,141.644608,8695500
10/17/2018,135.889999,137.149994,133.419998,134.050003,130.839737,19464000
10/18/2018,132.729996,133.399994,130.039993,130.550003,127.423546,10011700
10/19/2018,130.649994,131.889999,127.959999,129.100006,126.008278,7791600
10/22/2018,129.580002,130.440002,128.399994,130.020004,126.906242,5719500
10/23/2018,129.020004,131.899994,128.410004,131.210007,128.067749,6463600
10/24/2018,131.169998,131.690002,127,127.209999,124.163536,5710300
10/25/2018,127.25,127.790001,125.139999,126.449997,123.421738,10304300
10/26/2018,125.209999,125.779999,123.709999,124.790001,121.801491,8767000
10/29/2018,119.339996,123.949997,118.300003,119.639999,116.774826,20450400
10/30/2018,120.480003,121.5,115.150002,115.400002,112.63636,21458600
10/31/2018,116.489998,116.5,114.089996,115.43,112.665642,21645000
11/1/2018,115.5,117,115.110001,116.830002,114.03212,13626700
11/2/2018,117.510002,117.75,114.540001,115.669998,112.899895,10592700
11/5/2018,116.099998,120.769997,116,120.059998,117.184761,9144600
11/6/2018,120.699997,123.809998,120.309998,123.120003,120.171486,9597400
11/7/2018,123.790001,125.059998,122.330002,124.839996,121.850288,12382700
11/8/2018,122.660004,124.400002,122.629997,123.379997,121.959023,10396400
11/9/2018,123.610001,124.57,121.959999,123.540001,122.117188,6961800
11/12/2018,123.5,123.57,120.650002,120.900002,119.507591,5379100
11/13/2018,121.190002,122.25,119.900002,120.839996,119.448273,4084400
11/14/2018,121.110001,121.93,119.769997,120.199997,118.815651,4762300
11/15/2018,119.660004,121.440002,119.510002,121.440002,120.041374,5207900
11/16/2018,120.889999,121.849998,120.540001,121.57,120.169868,4076300
11/19/2018,121.629997,122.18,119.769997,120.309998,118.924385,4131200
11/20/2018,118.489998,119.489998,116.699997,117.199997,115.850197,6233800
11/21/2018,117.610001,119.510002,117.389999,118.57,117.204422,5335800
11/23/2018,118.089996,118.339996,116.910004,117.190002,115.840317,2334700
11/26/2018,118.370003,120.25,118.059998,119.559998,118.183022,5011100
11/27/2018,118.379997,120.040001,118.370003,120.029999,118.647606,4903800
11/28/2018,121.010002,123.089996,120.220001,123,121.583405,5104500
11/29/2018,122.440002,123.120003,121.400002,121.480003,120.08091,5200100
11/30/2018,121.660004,124.690002,121.480003,124.269997,122.838776,7251600
12/3/2018,125.669998,126.589996,124.360001,125.309998,123.866798,5846400
12/4/2018,124.489998,124.919998,121.330002,121.599998,120.199524,6000700
12/6/2018,119.720001,123.910004,119.300003,123.910004,122.482925,6938000
12/7/2018,123.900002,124.050003,118.870003,119.339996,117.965553,7019600
12/10/2018,119.739998,121.68,118.519997,121.129997,119.73494,6549500
12/11/2018,123.25,123.809998,120,120.889999,119.497704,5043100
12/12/2018,122.510002,122.879997,121,121.160004,119.764595,3560500
12/13/2018,121.260002,121.790001,120.169998,120.730003,119.339554,3993600
12/14/2018,119.5,121.110001,119.440002,119.900002,118.519104,4554200
12/17/2018,119.07,119.779999,115.07,116.099998,114.762871,7374500
12/18/2018,116.900002,118.230003,116.019997,116.650002,115.306541,6290200
12/19/2018,117.150002,120.269997,115.970001,116.43,115.089073,6979800
12/20/2018,115.699997,116.449997,111.699997,113.019997,111.718338,8454400
12/21/2018,112.5,115.279999,110.440002,110.940002,109.6623,10386500
12/24/2018,109.900002,111,107.5,107.57,106.331108,3821400
12/26/2018,108,111.389999,105.940002,111.389999,110.107117,6645800
12/27/2018,109.989998,113.779999,109.470001,113.779999,112.469589,6045600
12/28/2018,114.220001,114.800003,112.5,113.029999,111.728226,5117500
12/31/2018,113.330002,114.349998,112.419998,113.669998,112.360855,4982800
1/2/2019,112.010002,115.980003,111.690002,115.209999,113.883118,4239900
1/3/2019,114.529999,114.879997,112.690002,112.910004,111.609612,4220300
1/4/2019,114.910004,117.489998,114.440002,117.32,115.968819,4477800
1/7/2019,117.5,118.830002,116.669998,118.150002,116.789261,3751200
1/8/2019,119.660004,120.57,118.980003,119.830002,118.449913,4763600
1/9/2019,120.910004,121.400002,119.870003,120.690002,119.300011,3633700
1/10/2019,120.080002,121.860001,119.949997,121.790001,120.387337,3910000
1/11/2019,121.580002,121.620003,120.199997,121.459999,120.061142,3722400
1/14/2019,120.510002,120.650002,119.760002,120.389999,119.003464,5228700
1/15/2019,120.959999,121.93,120.82,121.730003,120.328033,3507500
1/16/2019,121.580002,122,120.830002,121.620003,120.219299,3841100
1/17/2019,120.559998,122.410004,120.550003,122.190002,120.782738,5029900
1/18/2019,123.269997,124.720001,122.709999,123.82,122.393959,6008500
1/22/2019,123.300003,123.800003,121.540001,122.519997,121.108925,10052400
1/23/2019,131.369995,135,130.309998,132.889999,131.359497,22063700
1/24/2019,132.630005,133.210007,131.429993,132.529999,131.003647,6322900
1/25/2019,132.869995,134.440002,132.429993,133.970001,132.427063,5707400
1/28/2019,133.100006,134.809998,132.580002,134.270004,132.723618,5357700
1/29/2019,134.289993,135.410004,133.600006,134.330002,132.782913,5037100
1/30/2019,134,135.029999,133.25,134.380005,132.832336,4500900
1/31/2019,134.449997,134.720001,133.740005,134.419998,132.871872,4884000
2/1/2019,134.970001,135.199997,133.350006,134.100006,132.555573,3806000
2/4/2019,134.020004,135.199997,132.990005,135.190002,133.633011,3966600
2/5/2019,135.279999,135.820007,134.919998,135.550003,133.988861,5398900
2/6/2019,135.220001,136.649994,135.169998,136.320007,134.75,4879700
2/7/2019,133.550003,134.470001,132.119995,133.190002,133.190002,4379400
2/8/2019,132.339996,133.710007,132.190002,133.710007,133.710007,3249800
2/11/2019,134.289993,135.149994,133.910004,133.990005,133.990005,3095100
2/12/2019,135.149994,136.199997,134.860001,136.050003,136.050003,3317200
2/13/2019,136.919998,137.919998,136.410004,137.520004,137.520004,4253000
2/14/2019,137.169998,137.600006,136.210007,136.479996,136.479996,2789400
2/15/2019,137.580002,138.190002,137.389999,138.029999,138.029999,3844100
2/19/2019,137.809998,138.699997,137.360001,138.699997,138.699997,3385700
2/20/2019,138.759995,139.240005,137.220001,138,138,3802000
2/21/2019,137.820007,138.350006,137.350006,137.839996,137.839996,2937300
2/22/2019,138.729996,139.380005,138.429993,139.25,139.25,3113700
2/25/2019,140,140.470001,139.320007,139.460007,139.460007,3194200
2/26/2019,139.669998,140.490005,139.470001,139.720001,139.720001,3060400
2/27/2019,139.25,139.570007,138.399994,139.169998,139.169998,2530900
2/28/2019,138.770004,139.059998,137.720001,138.130005,138.130005,3457800
3/1/2019,139.309998,140.039993,138.639999,139.199997,139.199997,3030000
3/4/2019,139.990005,140.080002,137.169998,138.429993,138.429993,3406900
3/5/2019,138.369995,138.740005,137.559998,137.880005,137.880005,4250300
3/6/2019,138.119995,138.389999,136.720001,136.979996,136.979996,2768300
3/7/2019,136.610001,136.889999,134.630005,135.360001,135.360001,4358300
3/8/2019,134.210007,135.240005,133.580002,135.089996,135.089996,3773600
3/11/2019,136.029999,137.729996,135.839996,137.710007,137.710007,3939300
3/12/2019,138.520004,139.699997,137.860001,138.279999,138.279999,3954700
3/13/2019,138.050003,139.320007,137.850006,138.559998,138.559998,3173200
3/14/2019,138.509995,138.940002,138.059998,138.789993,138.789993,2738600
3/15/2019,139.369995,140.330002,139.229996,139.429993,139.429993,7153700
3/18/2019,139.830002,140.369995,138.720001,140.210007,140.210007,3268500
3/19/2019,140.960007,141.699997,140,140.490005,140.490005,3482300
3/20/2019,140.529999,140.699997,138.979996,139.600006,139.600006,3649500
3/21/2019,139.100006,142.119995,138.880005,141.440002,141.440002,3605400
3/22/2019,140.970001,141.440002,138.899994,139.449997,139.449997,3877200
3/25/2019,139.059998,139.910004,138.350006,139.179993,139.179993,2839800
3/26/2019,139.929993,141.020004,139.419998,140.220001,140.220001,2553700
3/27/2019,140.410004,140.490005,138.399994,139.240005,139.240005,3098200
3/28/2019,139.910004,140.440002,139.100006,139.919998,139.919998,2663900
3/29/2019,140.5,141.220001,140.149994,141.100006,141.100006,3101400
4/1/2019,141.509995,143.410004,141.509995,143.300003,143.300003,3984300
4/2/2019,143.350006,143.949997,142.600006,143,143,2404800
4/3/2019,143.649994,144.220001,143.009995,143.630005,143.630005,2681200
4/4/2019,143.619995,144.139999,142.539993,142.779999,142.779999,2771100
4/5/2019,143.289993,143.5,142.460007,143.279999,143.279999,2731800
4/8/2019,143.020004,143.419998,142.869995,143.389999,143.389999,2118200
4/9/2019,142.660004,142.949997,141.839996,142.110001,142.110001,3038500
4/10/2019,142.199997,143.5,141.979996,143.020004,143.020004,2678000
4/11/2019,143.800003,144.110001,143.029999,143.779999,143.779999,2942000
4/12/2019,144.259995,144.440002,143.699997,144.350006,144.350006,2898900
4/15/2019,144.399994,144.460007,143.270004,143.899994,143.899994,3603200
4/16/2019,144.399994,145.389999,144.020004,145.139999,145.139999,6256400
