Date,IBM,APPL,AMZN,Close
2014/4/16,196.399994,74.144287,323.679993,186.130005
2014/4/17,190.009995,74.991432,324.910004,186.389999
2014/4/21,192.270004,75.881432,330.869995,187.039993
2014/4/22,192.149994,75.957146,329.320007,187.889999
2014/4/23,191.729996,74.964287,324.579987,187.449997
2014/4/24,190.220001,81.110001,337.149994,187.830002
2014/4/25,189.630005,81.705711,303.829987,186.289993
2014/4/28,193.139999,84.870003,296.579987,186.880005
2014/4/29,195.110001,84.618568,300.380005,187.75
2014/4/30,196.470001,84.298569,304.130005,188.309998
2014/5/1,193.529999,84.497147,307.890015,188.330002
2014/5/2,191.440002,84.654289,308.01001,188.059998
2014/5/5,191.259995,85.851425,310.049988,188.419998
2014/5/6,190.029999,84.915718,297.380005,186.779999
2014/5/7,189.300003,84.618568,292.709991,187.880005
2014/5/8,188.910004,83.998573,288.320007,187.679993
2014/5/9,190.080002,83.648575,292.23999,187.960007
2014/5/12,192.570007,84.690002,302.859985,189.789993
2014/5/13,192.190002,84.822861,304.640015,189.960007
2014/5/14,188.720001,84.83857,297.619995,189.059998
2014/5/15,186.460007,84.117142,295.190002,187.399994
2014/5/16,187.059998,85.358574,297.700012,188.050003
2014/5/19,187,86.370003,296.76001,188.740005
2014/5/20,184.889999,86.387146,301.190002,187.550003
2014/5/21,186.389999,86.615715,305.01001,189.130005
2014/5/22,185.679993,86.752853,304.910004,189.589996
2014/5/23,185.940002,87.732857,312.23999,190.350006
2014/5/27,184.779999,89.375717,310.820007,191.520004
2014/5/28,183.080002,89.144287,310.160004,191.380005
2014/5/29,183.759995,90.76857,313.779999,192.369995
2014/5/30,184.360001,90.428574,312.549988,192.679993
2014/6/2,185.690002,89.807144,308.839996,192.899994
2014/6/3,184.369995,91.077141,307.190002,192.800003
2014/6/4,184.509995,92.117142,306.779999,193.190002
2014/6/5,185.979996,92.478569,323.570007,194.449997
2014/6/6,186.369995,92.224289,329.670013,195.380005
2014/6/9,186.220001,93.699997,327.5,195.580002
2014/6/10,184.289993,94.25,332.410004,195.600006
2014/6/11,182.25,93.860001,335.200012,194.919998
2014/6/12,181.220001,92.290001,325.910004,193.539993
2014/6/13,182.559998,91.279999,326.269989,194.130005
2014/6/16,182.350006,92.199997,327.619995,194.289993
2014/6/17,182.259995,92.080002,325.619995,194.830002
2014/6/18,183.600006,92.18,334.380005,196.259995
2014/6/19,182.820007,91.860001,327,196.479996
2014/6/20,181.550003,90.910004,324.200012,195.940002
2014/6/23,182.139999,90.830002,327.23999,195.880005
2014/6/24,180.880005,90.279999,324.160004,194.699997
2014/6/25,180.720001,90.360001,327.440002,195.580002
2014/6/26,180.369995,90.900002,325.690002,195.440002
2014/6/27,181.710007,91.980003,324.570007,195.820007
2014/6/30,181.270004,92.93,324.779999,195.720001
2014/7/1,186.350006,93.519997,332.390015,197.029999
2014/7/2,188.389999,93.480003,332.850006,197.229996
2014/7/3,188.529999,94.029999,337.48999,198.199997
2014/7/7,188.039993,95.970001,333.549988,197.509995
2014/7/8,187.220001,95.349998,323.809998,196.240005
2014/7/9,188.419998,95.389999,329.970001,197.119995
2014/7/10,187.699997,95.040001,327.920013,196.339996
2014/7/11,188,95.220001,346.200012,196.610001
2014/7/14,189.860001,96.449997,355.320007,197.600006
2014/7/15,188.490005,95.32,354.440002,197.229996
2014/7/16,192.360001,94.779999,355.899994,197.960007
2014/7/17,192.490005,93.089996,352.450012,195.710007
2014/7/18,192.5,94.43,358.660004,197.710007
2014/7/21,190.850006,93.940002,359.76001,197.339996
2014/7/22,194.089996,94.720001,360.839996,198.199997
2014/7/23,193.630005,97.190002,358.140015,198.639999
2014/7/24,195.240005,97.029999,358.609985,198.649994
2014/7/25,194.399994,97.669998,324.01001,197.720001
2014/7/28,195.779999,99.019997,320.410004,197.800003
2014/7/29,194.570007,98.379997,320,196.949997
2014/7/30,194,98.150002,322.51001,196.979996
2014/7/31,191.669998,95.599998,312.98999,193.089996
2014/8/1,189.149994,96.129997,307.059998,192.5
2014/8/4,189.639999,95.589996,313.649994,193.889999
2014/8/5,187.100006,95.120003,312.320007,192.009995
2014/8/6,185.970001,94.959999,313.890015,192.070007
2014/8/7,184.300003,94.480003,311.450012,191.029999
2014/8/8,186.630005,94.739998,316.799988,193.240005
2014/8/11,187.470001,95.989998,318.329987,193.800003
2014/8/12,187.339996,95.970001,319.320007,193.529999
2014/8/13,187.949997,97.239998,326.279999,194.839996
2014/8/14,187.880005,97.5,333.209991,195.759995
2014/8/15,187.380005,97.980003,333.630005,195.720001
2014/8/18,189.360001,99.160004,334.529999,197.360001
2014/8/19,190.070007,100.529999,335.130005,198.389999
2014/8/20,190.100006,100.57,335.779999,198.919998
2014/8/21,191.229996,100.580002,332.910004,199.5
2014/8/22,190.410004,101.32,331.589996,199.190002
2014/8/25,191.160004,101.540001,334.019989,200.199997
2014/8/26,192.990005,100.889999,341.829987,200.330002
2014/8/27,192.25,102.129997,343.179993,200.25
2014/8/28,192,102.25,340.019989,200.139999
2014/8/29,192.300003,102.5,339.040009,200.710007
2014/9/2,191.559998,103.300003,342.380005,200.610001
2014/9/3,191.949997,98.940002,339,200.5
2014/9/4,190.679993,98.120003,345.950012,200.210007
2014/9/5,191.199997,98.970001,346.380005,201.110001
2014/9/8,190.139999,98.360001,342.339996,200.589996
2014/9/9,189.990005,97.989998,329.75,199.320007
2014/9/10,191.539993,101,331.329987,200.070007
2014/9/11,191.720001,101.43,330.519989,200.300003
2014/9/12,191.279999,101.660004,331.190002,199.130005
2014/9/15,191.809998,101.629997,323.890015,198.979996
2014/9/16,192.960007,100.860001,327.76001,200.479996
2014/9/17,192.800003,101.580002,324,200.75
2014/9/18,193.75,101.790001,325,201.820007
2014/9/19,194,100.959999,331.320007,200.699997
2014/9/22,193.110001,101.059998,324.5,199.149994
2014/9/23,191.619995,102.639999,323.630005,198.009995
2014/9/24,192.309998,101.75,328.209991,199.559998
2014/9/25,189.009995,97.870003,321.929993,196.339996
2014/9/26,190.059998,100.75,323.209991,197.899994
2014/9/29,189.639999,100.110001,321.820007,197.539993
2014/9/30,189.830002,100.75,322.440002,197.020004
2014/10/1,187.169998,99.18,317.459991,194.350006
2014/10/2,186.910004,99.900002,318.410004,194.380005
2014/10/3,188.669998,99.620003,322.73999,196.520004
2014/10/6,189.039993,99.620003,322.200012,196.289993
2014/10/7,185.710007,98.75,316.980011,193.259995
2014/10/8,189.360001,100.800003,322.700012,196.639999
2014/10/9,186.419998,101.019997,315.369995,192.740005
2014/10/10,185.929993,100.730003,311.390015,190.539993
2014/10/13,183.520004,99.809998,306.450012,187.410004
2014/10/14,183.800003,98.75,308.309998,187.699997
2014/10/15,181.75,97.540001,305.970001,186.429993
2014/10/16,179.839996,96.260002,302.859985,186.270004
2014/10/17,182.050003,97.669998,303.640015,188.470001
2014/10/20,169.100006,99.760002,306.209991,190.300003
2014/10/21,163.229996,102.470001,315.329987,194.070007
2014/10/22,161.789993,102.989998,312.970001,192.690002
2014/10/23,162.179993,104.830002,313.179993,194.929993
2014/10/24,162.080002,105.220001,287.059998,196.429993
2014/10/27,161.869995,105.110001,289.970001,196.160004
2014/10/28,163.600006,106.739998,295.589996,198.410004
2014/10/29,163.460007,107.339996,294.119995,198.110001
2014/10/30,164.350006,106.980003,299.070007,199.380005
2014/10/31,164.399994,108,305.459991,201.660004
2014/11/3,164.360001,109.400002,305.720001,201.770004
2014/11/4,162.649994,108.599998,302.809998,201.070007
2014/11/5,161.820007,108.860001,296.519989,202.339996
2014/11/6,161.460007,108.699997,296.640015,203.149994
2014/11/7,162.070007,109.010002,299.859985,203.339996
2014/11/10,163.490005,108.830002,305.109985,203.979996
2014/11/11,163.300003,109.699997,312.01001,204.179993
2014/11/12,161.919998,111.25,311.51001,203.960007
2014/11/13,162.789993,112.82,316.480011,204.190002
2014/11/14,164.160004,114.18,327.820007,204.240005
2014/11/17,164.160004,113.989998,323.049988,204.369995
2014/11/18,161.889999,115.470001,324.929993,205.550003
2014/11/19,161.429993,114.669998,326.540009,205.220001
2014/11/20,160.639999,116.309998,330.540009,205.580002
2014/11/21,160.919998,116.470001,332.630005,206.679993
2014/11/24,162.149994,118.629997,335.640015,207.259995
2014/11/25,161.759995,117.599998,335.040009,207.110001
2014/11/26,161.949997,119,333.570007,207.639999
2014/11/28,162.169998,118.93,338.640015,207.199997
2014/12/1,161.539993,115.07,326,205.759995
2014/12/2,162.669998,114.629997,326.309998,207.089996
2014/12/3,164.520004,115.93,316.5,207.889999
2014/12/4,164.050003,115.489998,316.929993,207.660004
2014/12/5,163.270004,115,312.630005,208
2014/12/8,161.860001,112.400002,306.640015,206.610001
2014/12/9,162.990005,114.120003,312.5,206.470001
2014/12/10,160.509995,111.949997,305.839996,203.160004
2014/12/11,161.070007,111.620003,307.359985,204.190002
2014/12/12,155.380005,109.730003,307.320007,200.889999
2014/12/15,153.059998,108.230003,306.070007,199.509995
2014/12/16,151.410004,106.75,295.059998,197.910004
2014/12/17,151.929993,109.410004,298.880005,201.789993
2014/12/18,157.679993,112.650002,297.730011,206.779999
2014/12/19,158.509995,111.779999,299.899994,206.520004
2014/12/22,161.440002,112.940002,306.540009,207.470001
2014/12/23,162.240005,112.540001,306.290009,207.75
2014/12/24,161.820007,112.010002,303.029999,207.770004
2014/12/26,162.339996,113.989998,309.089996,208.440002
2014/12/29,160.509995,113.910004,312.040009,208.720001
2014/12/30,160.050003,112.519997,310.299988,207.600006
2014/12/31,160.440002,110.379997,310.350006,205.539993
2015/1/2,162.059998,109.330002,308.519989,205.429993
2015/1/5,159.509995,106.25,302.190002,201.720001
2015/1/6,156.070007,106.260002,295.290009,199.820007
2015/1/7,155.050003,107.75,298.420013,202.309998
2015/1/8,158.419998,111.889999,300.459991,205.899994
2015/1/9,159.110001,112.010002,296.929993,204.25
2015/1/12,156.440002,109.25,291.410004,202.649994
2015/1/13,156.809998,110.220001,294.73999,202.080002
2015/1/14,155.800003,109.800003,293.269989,200.860001
2015/1/15,154.570007,106.82,286.950012,199.020004
2015/1/16,157.139999,105.989998,290.73999,201.630005
2015/1/20,156.949997,108.720001,289.440002,202.059998
2015/1/21,152.089996,109.550003,297.25,203.080002
2015/1/22,155.389999,112.400002,310.320007,206.100006
2015/1/23,155.869995,112.980003,312.390015,204.970001
2015/1/26,156.360001,113.099998,309.660004,205.449997
2015/1/27,153.669998,109.139999,306.75,202.740005
2015/1/28,151.550003,115.309998,303.910004,200.139999
2015/1/29,155.479996,118.900002,311.779999,201.990005
2015/1/30,153.309998,117.160004,354.529999,199.449997
2015/2/2,154.660004,118.629997,364.470001,201.919998
2015/2/3,158.470001,118.650002,363.549988,204.839996
2015/2/4,156.960007,119.559998,364.75,204.059998
2015/2/5,157.910004,119.940002,373.890015,206.119995
2015/2/6,156.720001,118.93,374.279999,205.550003
2015/2/9,155.75,119.720001,370.559998,204.630005
2015/2/10,158.559998,122.019997,373,206.809998
2015/2/11,158.199997,124.879997,375.140015,206.929993
2015/2/12,158.520004,126.459999,377.170013,208.919998
2015/2/13,160.399994,127.080002,381.829987,209.779999
2015/2/17,160.960007,127.830002,375.429993,210.110001
2015/2/18,162.190002,128.720001,373.369995,210.130005
2015/2/19,163.889999,128.449997,379,209.979996
2015/2/20,163.649994,129.5,383.660004,211.240005
2015/2/23,162.910004,133,380.140015,211.210007
2015/2/24,164.830002,132.169998,378.589996,211.809998
2015/2/25,162.809998,128.789993,385.369995,211.630005
2015/2/26,160.869995,130.419998,384.799988,211.380005
2015/2/27,161.940002,128.460007,380.160004,210.660004
2015/3/2,160.479996,129.089996,385.660004,211.990005
2015/3/3,161.029999,129.360001,384.609985,211.119995
2015/3/4,159.419998,128.539993,382.720001,210.229996
2015/3/5,161.179993,126.410004,387.829987,210.460007
2015/3/6,158.5,126.599998,380.089996,207.5
2015/3/9,160.770004,127.139999,378.559998,208.360001
2015/3/10,157.809998,124.510002,369.51001,204.979996
2015/3/11,156.800003,122.239998,366.369995,204.5
2015/3/12,157.979996,124.449997,374.23999,207.100006
2015/3/13,154.279999,123.589996,370.579987,205.830002
2015/3/16,157.080002,124.949997,373.350006,208.580002
2015/3/17,156.960007,127.040001,371.920013,207.960007
2015/3/18,159.809998,128.470001,375.140015,210.460007
2015/3/19,159.809998,127.5,373.23999,209.5
2015/3/20,162.880005,125.900002,378.48999,210.410004
2015/3/23,164.630005,127.209999,375.109985,210
2015/3/24,163,126.690002,374.089996,208.820007
2015/3/25,159.199997,123.379997,370.959991,205.759995
2015/3/26,160.589996,124.239998,367.350006,205.270004
2015/3/27,160.399994,123.25,370.559998,205.740005
2015/3/30,162.669998,126.370003,374.589996,208.25
2015/3/31,160.5,124.43,372.100006,206.429993
2015/4/1,159.179993,124.25,370.26001,205.699997
2015/4/2,160.449997,125.32,372.25,206.440002
2015/4/6,162.039993,127.349998,377.040009,207.830002
2015/4/7,162.070007,126.010002,374.410004,207.279999
2015/4/8,161.850006,125.599998,381.200012,207.979996
2015/4/9,162.339996,126.559998,383.540009,208.899994
2015/4/10,162.860001,127.099998,382.649994,210.039993
2015/4/13,162.380005,126.849998,382.359985,209.089996
2015/4/14,162.300003,126.300003,385.109985,209.490005
2015/4/15,164.130005,126.779999,383.450012,210.429993
2015/4/16,163.130005,126.169998,386.040009,210.369995
2015/4/17,160.669998,124.75,375.559998,207.949997
2015/4/20,166.160004,127.599998,389.51001,209.850006
2015/4/21,164.259995,126.910004,391.179993,209.600006
2015/4/22,165.360001,128.619995,389.799988,210.630005
2015/4/23,170.240005,129.669998,389.98999,211.160004
2015/4/24,169.779999,130.279999,445.100006,211.649994
2015/4/27,170.729996,132.649994,438.559998,210.770004
2015/4/28,173.919998,130.559998,429.309998,211.440002
2015/4/29,174.399994,128.639999,429.369995,210.570007
2015/4/30,171.289993,125.150002,421.779999,208.460007
2015/5/1,173.669998,128.949997,422.869995,210.720001
2015/5/4,173.970001,128.699997,423.040009,211.320007
2015/5/5,173.080002,125.800003,421.190002,208.899994
2015/5/6,170.050003,125.010002,419.100006,208.039993
2015/5/7,170.990005,125.260002,426.880005,208.869995
2015/5/8,172.679993,127.620003,433.690002,211.619995
2015/5/11,171.119995,126.32,432.850006,210.610001
2015/5/12,170.550003,125.870003,431.019989,209.979996
2015/5/13,172.279999,126.010002,426.869995,210.020004
2015/5/14,174.050003,128.949997,432.279999,212.210007
2015/5/15,173.259995,128.770004,426,212.440002
2015/5/18,173.059998,130.190002,425.23999,213.100006
2015/5/19,173.479996,130.070007,421.709991,213.029999
2015/5/20,173.759995,130.059998,423.859985,212.880005
2015/5/21,173.339996,131.389999,431.630005,213.5
2015/5/22,172.220001,132.539993,427.630005,212.990005
2015/5/26,170.130005,129.619995,425.470001,210.699997
2015/5/27,172,132.039993,431.420013,212.699997
2015/5/28,171.710007,131.779999,426.570007,212.460007
2015/5/29,169.649994,130.279999,429.230011,211.139999
2015/6/1,170.179993,130.539993,430.920013,211.570007
2015/6/2,169.649994,129.960007,430.98999,211.360001
2015/6/3,169.919998,130.119995,436.589996,211.919998
2015/6/4,168.380005,129.360001,430.779999,210.130005
2015/6/5,167.399994,128.649994,426.950012,209.770004
2015/6/8,165.339996,127.800003,423.5,208.419998
2015/6/9,165.679993,127.419998,425.480011,208.449997
2015/6/10,168.919998,128.880005,430.769989,210.960007
2015/6/11,168.779999,128.589996,432.970001,211.649994
2015/6/12,166.990005,127.169998,429.920013,209.929993
2015/6/15,166.259995,126.919998,423.670013,209.100006
2015/6/16,166.839996,127.599998,427.26001,210.25
2015/6/17,167.169998,127.300003,427.809998,210.589996
2015/6/18,168.25,127.879997,439.390015,212.710007
2015/6/19,166.990005,126.599998,434.920013,210.809998
2015/6/22,167.729996,127.610001,436.290009,211.889999
2015/6/23,168.619995,127.029999,445.98999,212.050003
2015/6/24,166.970001,128.110001,440.839996,210.509995
2015/6/25,166.080002,127.5,440.100006,209.830002
2015/6/26,165.460007,126.75,438.100006,209.899994
2015/6/29,162.970001,124.529999,429.859985,205.470001
2015/6/30,162.660004,125.43,434.089996,205.889999
2015/7/1,164.490005,126.599998,437.390015,207.570007
2015/7/2,165.089996,126.440002,437.709991,207.320007
2015/7/6,164.729996,126,436.040009,206.669998
2015/7/7,165,125.690002,436.720001,208.009995
2015/7/8,163.160004,122.57,429.700012,204.529999
2015/7/9,163.850006,120.07,434.390015,204.800003
2015/7/10,166.949997,123.279999,443.51001,207.479996
2015/7/13,169.380005,125.660004,455.570007,209.759995
2015/7/14,168.610001,125.610001,465.570007,210.720001
2015/7/15,168.529999,126.82,461.190002,210.630005
2015/7/16,171,128.509995,475.480011,212.270004
2015/7/17,172.509995,129.619995,483.01001,212.470001
2015/7/20,173.220001,132.070007,488.100006,212.619995
2015/7/21,163.070007,130.75,488,211.759995
2015/7/22,160.350006,125.220001,488.269989,211.289993
2015/7/23,161.729996,125.160004,482.179993,210.139999
2015/7/24,159.75,124.5,529.419983,207.940002
2015/7/27,159.070007,122.769997,531.409973,206.740005
2015/7/28,160.050003,123.379997,526.030029,209.309998
2015/7/29,161.089996,122.989998,529,210.770004
2015/7/30,160.960007,122.370003,536.76001,210.820007
2015/7/31,161.990005,121.300003,536.150024,210.449997
2015/8/3,158.710007,118.440002,535.030029,209.729996
2015/8/4,157.600006,114.639999,531.900024,209.320007
2015/8/5,157.899994,115.400002,537.01001,210.100006
2015/8/6,156.320007,115.129997,529.460022,208.350006
2015/8/7,155.119995,115.519997,522.619995,207.919998
2015/8/10,156.75,119.720001,524,210.630005
2015/8/11,155.509995,113.489998,527.460022,208.660004
2015/8/12,156.160004,115.239998,525.909973,208.919998
2015/8/13,155.070007,115.150002,529.659973,208.699997
2015/8/14,155.75,115.959999,531.52002,209.360001
2015/8/17,156.309998,117.160004,535.219971,210.559998
2015/8/18,156.009995,116.5,535.02002,209.929993
2015/8/19,153.940002,115.010002,532.919983,208.279999
2015/8/20,152.660004,112.650002,515.780029,204.009995
2015/8/21,148.850006,105.760002,494.470001,197.630005
2015/8/24,143.470001,103.120003,463.369995,189.550003
2015/8/25,140.960007,103.739998,466.369995,187.229996
2015/8/26,146.699997,109.690002,500.769989,194.679993
2015/8/27,148.539993,112.919998,518.369995,199.160004
2015/8/28,147.979996,113.290001,518.01001,199.240005
2015/8/31,147.889999,112.760002,512.890015,197.539993
2015/9/1,142.679993,107.720001,496.540009,191.770004
2015/9/2,145.050003,112.339996,510.549988,195.410004
2015/9/3,146.779999,110.370003,504.720001,195.649994
2015/9/4,143.699997,109.269997,499,192.589996
2015/9/8,147.229996,112.309998,517.539978,197.460007
2015/9/9,145.050003,110.150002,516.890015,194.759995
2015/9/10,146.199997,112.57,522.23999,195.850006
2015/9/11,147.369995,114.209999,529.440002,196.740005
2015/9/14,145.649994,115.309998,521.380005,195.979996
2015/9/15,147.529999,116.279999,522.369995,198.449997
2015/9/16,148.410004,116.410004,527.390015,200.139999
2015/9/17,148.139999,113.919998,538.869995,199.699997
2015/9/18,144.509995,113.449997,540.26001,195.360001
2015/9/21,146.479996,115.209999,548.390015,196.440002
2015/9/22,144.429993,113.400002,538.400024,193.899994
2015/9/23,143.660004,114.32,536.070007,193.600006
2015/9/24,144.410004,115,533.75,192.929993
2015/9/25,145.419998,114.709999,524.25,192.869995
2015/9/28,142.520004,112.440002,504.059998,187.910004
2015/9/29,142.470001,109.059998,496.070007,188.080002
2015/9/30,144.970001,110.300003,511.890015,191.589996
2015/10/1,143.589996,109.580002,520.719971,192.130005
2015/10/2,144.580002,110.379997,532.539978,195
2015/10/5,149.039993,110.779999,543.679993,198.470001
2015/10/6,148.779999,111.309998,537.47998,197.789993
2015/10/7,150.089996,110.779999,541.940002,199.410004
2015/10/8,152.279999,109.5,533.159973,201.210007
2015/10/9,152.389999,112.120003,539.799988,201.330002
2015/10/12,151.139999,111.599998,550.190002,201.520004
2015/10/13,149.619995,111.790001,548.900024,200.25
2015/10/14,150.009995,110.209999,544.830017,199.289993
2015/10/15,150.089996,111.860001,562.440002,202.350006
2015/10/16,150.389999,111.040001,570.76001,203.270004
2015/10/19,149.220001,111.730003,573.150024,203.369995
2015/10/20,140.639999,113.769997,560.880005,203.110001
2015/10/21,140.919998,113.760002,555.77002,201.850006
2015/10/22,144.089996,115.5,563.909973,205.210007
2015/10/23,144.679993,119.080002,599.030029,207.520004
2015/10/26,143.660004,115.279999,608.609985,206.990005
2015/10/27,137.860001,114.550003,611.01001,206.570007
2015/10/28,140.830002,119.269997,617.099976,208.940002
2015/10/29,140.550003,120.529999,626.549988,208.889999
2015/10/30,140.080002,119.5,625.900024,207.929993
2015/11/2,140.369995,121.18,628.349976,210.389999
2015/11/3,141.880005,122.57,625.309998,211
2015/11/4,141.630005,122,640.950012,210.380005
2015/11/5,139.889999,120.919998,655.650024,210.149994
2015/11/6,138.25,121.059998,659.369995,210.039993
2015/11/9,135.309998,120.57,655.48999,208.080002
2015/11/10,135.470001,116.769997,659.679993,208.559998
2015/11/11,135.020004,116.110001,673.25,207.740005
2015/11/12,133.039993,115.720001,665.599976,204.839996
2015/11/13,131.75,112.339996,642.349976,202.539993
2015/11/16,133.710007,114.18,647.809998,205.619995
2015/11/17,133.820007,113.690002,643.299988,205.470001
2015/11/18,135.820007,117.290001,663.539978,208.729996
2015/11/19,136.740005,118.779999,661.27002,208.550003
2015/11/20,138.5,119.300003,668.450012,209.309998
2015/11/23,138.460007,117.75,678.98999,209.070007
2015/11/24,138.600006,118.879997,671.150024,209.350006
2015/11/25,138,118.029999,675.340027,209.320007
2015/11/27,138.460007,117.809998,673.26001,209.559998
2015/11/30,139.419998,118.300003,664.799988,208.690002
2015/12/1,141.279999,117.339996,679.059998,210.679993
2015/12/2,139.699997,116.279999,676.01001,208.529999
2015/12/3,138.919998,115.199997,666.25,205.610001
2015/12/4,140.429993,119.029999,672.640015,209.619995
2015/12/7,139.550003,118.279999,669.830017,208.350006
2015/12/8,138.050003,118.230003,677.330017,206.949997
2015/12/9,136.610001,115.620003,664.789978,205.339996
2015/12/10,136.779999,116.169998,662.320007,205.869995
2015/12/11,134.570007,113.18,640.150024,201.880005
2015/12/14,135.929993,112.480003,657.909973,202.899994
2015/12/15,137.789993,110.489998,658.640015,205.029999
2015/12/16,139.289993,111.339996,675.77002,208.029999
2015/12/17,136.75,108.980003,670.650024,204.860001
2015/12/18,134.899994,106.029999,664.140015,200.020004
2015/12/21,135.5,107.330002,664.51001,201.669998
2015/12/22,137.929993,107.230003,663.150024,203.5
2015/12/23,138.539993,108.610001,663.700012,206.020004
2015/12/24,138.25,108.029999,662.789978,205.679993
2015/12/28,137.610001,106.82,675.200012,205.210007
2015/12/29,139.779999,108.739998,693.969971,207.399994
2015/12/30,139.339996,107.32,689.070007,205.929993
2015/12/31,137.619995,105.260002,675.890015,203.869995
2016/1/4,135.949997,105.349998,636.98999,201.020004
2016/1/5,135.850006,102.709999,633.789978,201.360001
2016/1/6,135.169998,100.699997,632.650024,198.820007
2016/1/7,132.860001,96.449997,607.940002,194.050003
2016/1/8,131.630005,96.959999,607.049988,191.919998
2016/1/11,133.229996,98.529999,617.73999,192.110001
2016/1/12,132.899994,99.959999,617.890015,193.660004
2016/1/13,131.169998,97.389999,581.809998,188.830002
2016/1/14,132.910004,99.519997,593,191.929993
2016/1/15,130.029999,97.129997,570.179993,187.809998
2016/1/19,128.110001,96.660004,574.47998,188.059998
2016/1/20,121.860001,96.790001,571.77002,185.649994
2016/1/21,122.910004,96.300003,575.02002,186.690002
2016/1/22,122.5,101.419998,596.380005,190.520004
2016/1/25,122.080002,99.440002,596.530029,187.639999
2016/1/26,122.589996,99.989998,601.25,190.199997
2016/1/27,120.959999,93.419998,583.349976,188.130005
2016/1/28,122.220001,94.089996,635.349976,189.110001
2016/1/29,124.790001,97.339996,587,193.720001
2016/2/1,124.830002,96.43,574.809998,193.649994
2016/2/2,122.940002,94.480003,552.099976,190.160004
2016/2/3,124.720001,96.349998,531.070007,191.300003
2016/2/4,127.650002,96.599998,536.26001,191.600006
2016/2/5,128.570007,94.019997,502.130005,187.949997
2016/2/8,126.980003,95.010002,488.100006,185.419998
2016/2/9,124.07,94.989998,482.070007,185.429993
2016/2/10,120.190002,94.269997,490.480011,185.270004
2016/2/11,117.849998,93.699997,503.820007,182.860001
2016/2/12,121.040001,93.989998,507.079987,186.630005
2016/2/16,122.739998,96.639999,521.099976,189.779999
2016/2/17,126.099998,98.120003,534.099976,192.880005
2016/2/18,132.449997,96.260002,525,192.089996
2016/2/19,133.080002,96.040001,534.900024,192
2016/2/22,133.770004,96.879997,559.5,194.779999
2016/2/23,132.399994,94.690002,552.940002,192.320007
2016/2/24,132.800003,96.099998,554.039978,193.199997
2016/2/25,134.5,96.760002,555.150024,195.539993
2016/2/26,132.029999,96.910004,555.22998,195.089996
2016/2/29,131.029999,96.690002,552.52002,193.559998
2016/3/1,134.369995,100.529999,579.039978,198.110001
2016/3/2,136.300003,100.75,580.210022,199
2016/3/3,137.800003,101.5,577.48999,199.779999
2016/3/4,137.800003,103.010002,575.140015,200.429993
2016/3/7,140.149994,101.870003,562.799988,200.589996
2016/3/8,139.070007,101.029999,560.26001,198.399994
2016/3/9,140.410004,101.120003,559.469971,199.380005
2016/3/10,140.190002,101.169998,558.929993,199.539993
2016/3/11,142.360001,102.260002,569.609985,202.759995
2016/3/14,142.779999,102.519997,573.369995,202.5
2016/3/15,142.960007,104.580002,577.02002,202.169998
2016/3/16,144.789993,105.970001,574.27002,203.339996
2016/3/17,147.039993,105.800003,559.440002,204.630005
2016/3/18,147.089996,105.919998,552.080017,204.380005
2016/3/21,148.630005,105.910004,553.97998,204.669998
2016/3/22,148.100006,106.720001,560.47998,204.559998
2016/3/23,145.399994,106.129997,569.630005,203.210007
2016/3/24,147.949997,105.669998,582.950012,203.119995
2016/3/28,148.399994,105.190002,579.869995,203.240005
2016/3/29,149.330002,107.68,593.859985,205.119995
2016/3/30,148.410004,109.559998,598.690002,206.020004
2016/3/31,151.449997,108.989998,593.640015,205.520004
2016/4/1,152.520004,109.989998,598.5,206.919998
2016/4/4,152.070007,111.120003,593.190002,206.25
2016/4/5,150,109.809998,586.140015,204.190002
2016/4/6,150.020004,110.959999,602.080017,206.419998
2016/4/7,148.25,108.540001,591.429993,203.949997
2016/4/8,149.350006,108.660004,594.599976,204.5
2016/4/11,149.25,109.019997,595.929993,204.020004
2016/4/12,149.630005,110.440002,603.169983,205.919998
2016/4/13,151.229996,112.040001,614.820007,208
2016/4/14,151.160004,112.099998,620.75,208.009995
2016/4/15,151.720001,109.849998,625.890015,207.779999
2016/4/18,152.529999,107.480003,635.349976,209.240005
2016/4/19,144,106.910004,627.900024,209.899994
2016/4/20,146.110001,107.129997,632.98999,210.100006
2016/4/21,149.300003,105.970001,631,208.970001
2016/4/22,148.5,105.68,620.5,208.970001
2016/4/25,148.809998,105.080002,626.200012,208.610001
2016/4/26,149.080002,104.349998,616.880005,208.919998
2016/4/27,150.470001,97.82,606.570007,209.350006
2016/4/28,147.070007,94.830002,602,207.449997
2016/4/29,145.940002,93.739998,659.590027,206.330002
2016/5/2,145.270004,93.639999,683.849976,207.970001
2016/5/3,144.130005,95.18,671.320007,206.160004
2016/5/4,144.25,94.190002,670.900024,205.009995
2016/5/5,146.470001,93.239998,659.090027,204.970001
2016/5/6,147.289993,92.720001,673.950012,205.720001
2016/5/9,147.339996,92.790001,679.75,205.889999
2016/5/10,149.970001,93.419998,703.070007,208.449997
2016/5/11,148.949997,92.510002,713.22998,206.5
2016/5/12,148.839996,90.339996,717.929993,206.559998
2016/5/13,147.720001,90.519997,709.919983,204.759995
2016/5/16,149.460007,93.879997,710.659973,206.779999
2016/5/17,148,93.489998,695.27002,204.850006
2016/5/18,147.339996,94.559998,697.450012,204.910004
2016/5/19,144.929993,94.199997,698.52002,204.199997
2016/5/20,147.25,95.220001,702.799988,205.490005
2016/5/23,146.770004,96.43,696.75,205.210007
2016/5/24,148.309998,97.900002,704.200012,207.869995
2016/5/25,151.690002,99.620003,708.349976,209.279999
2016/5/26,152.440002,100.410004,714.909973,209.339996
2016/5/27,152.839996,100.349998,712.23999,210.240005
2016/5/31,153.740005,99.860001,722.789978,209.839996
2016/6/1,152.509995,98.459999,719.440002,210.270004
2016/6/2,153.5,97.720001,728.23999,210.910004
2016/6/3,152.889999,97.919998,725.539978,210.279999
2016/6/6,152.729996,98.629997,726.72998,211.350006
2016/6/7,153.330002,99.029999,723.73999,211.679993
2016/6/8,154,98.940002,726.640015,212.369995
2016/6/9,153.419998,99.650002,727.650024,212.080002
2016/6/10,152.369995,98.830002,717.909973,210.070007
2016/6/13,151.279999,97.339996,715.23999,208.449997
2016/6/14,151.059998,97.459999,719.299988,208.039993
2016/6/15,150.679993,97.139999,714.26001,207.75
2016/6/16,151.059998,97.550003,717.51001,208.369995
2016/6/17,151.990005,95.330002,706.390015,206.520004
2016/6/20,153.610001,95.099998,714.01001,207.850006
2016/6/21,154.050003,95.910004,715.820007,208.440002
2016/6/22,152.919998,95.550003,710.599976,208.100006
2016/6/23,155.350006,96.099998,722.080017,210.809998
2016/6/24,146.589996,93.400002,698.960022,203.240005
2016/6/27,143.5,92.040001,691.359985,199.600006
2016/6/28,145.699997,93.589996,707.950012,203.199997
2016/6/29,148.460007,94.400002,715.599976,206.660004
2016/6/30,151.779999,95.599998,715.619995,209.479996
2016/7/1,152.350006,95.889999,725.679993,209.919998
2016/7/5,151.679993,94.989998,728.099976,208.410004
2016/7/6,152.369995,95.529999,737.609985,209.660004
2016/7/7,152.600006,95.940002,736.570007,209.529999
2016/7/8,154.460007,96.68,745.809998,212.649994
2016/7/11,155.330002,96.980003,753.780029,213.399994
2016/7/12,157.039993,97.419998,748.210022,214.949997
2016/7/13,158.020004,96.870003,742.630005,214.919998
2016/7/14,160.279999,98.790001,741.200012,216.119995
2016/7/15,159.779999,98.779999,735.440002,215.830002
2016/7/18,159.860001,99.830002,736.070007,216.410004
2016/7/19,159.580002,99.870003,739.950012,216.190002
2016/7/20,161.360001,99.959999,745.719971,217.089996
2016/7/21,160.449997,99.43,744.429993,216.270004
2016/7/22,162.070007,98.660004,744.859985,217.240005
2016/7/25,162.649994,97.339996,739.609985,216.649994
2016/7/26,162.119995,96.669998,735.590027,216.75
2016/7/27,161.830002,102.949997,736.669983,216.520004
2016/7/28,161.369995,104.339996,752.609985,216.770004
2016/7/29,160.619995,104.209999,758.809998,217.119995
2016/8/1,161.449997,106.050003,767.73999,216.940002
2016/8/2,160.580002,104.480003,760.580017,215.550003
2016/8/3,160.669998,105.790001,754.640015,216.179993
2016/8/4,161.550003,105.870003,760.77002,216.410004
2016/8/5,163.5,107.480003,765.97998,218.179993
2016/8/8,162.039993,108.370003,766.559998,218.050003
2016/8/9,161.770004,108.809998,768.309998,218.179993
2016/8/10,162.080002,108,768.559998,217.639999
2016/8/11,163.529999,107.93,771.23999,218.649994
2016/8/12,161.949997,108.18,772.559998,218.460007
2016/8/15,161.880005,109.480003,768.48999,219.089996
2016/8/16,160.699997,109.379997,764.039978,217.960007
2016/8/17,160.440002,109.220001,764.630005,218.369995
2016/8/18,161.360001,109.080002,764.460022,218.860001
2016/8/19,160.039993,109.360001,757.309998,218.539993
2016/8/22,160,108.510002,759.47998,218.529999
2016/8/23,160.259995,108.849998,762.450012,218.970001
2016/8/24,159.050003,108.029999,757.25,217.850006
2016/8/25,158.630005,107.57,759.219971,217.699997
2016/8/26,158.320007,106.940002,769,217.289993
2016/8/29,159.720001,106.82,771.289978,218.360001
2016/8/30,159.399994,106,767.580017,218
2016/8/31,158.880005,106.099998,769.159973,217.380005
2016/9/1,159.539993,106.730003,770.619995,217.389999
2016/9/2,159.550003,107.730003,772.440002,218.369995
2016/9/6,160.350006,107.699997,788.869995,219.029999
2016/9/7,161.639999,108.360001,784.47998,219.009995
2016/9/8,159,105.519997,784.059998,218.509995
2016/9/9,155.690002,103.129997,760.140015,213.279999
2016/9/12,158.289993,105.440002,771.48999,216.339996
2016/9/13,155.809998,107.949997,761.01001,213.229996
2016/9/14,154.050003,111.769997,761.090027,213.149994
2016/9/15,155.660004,115.57,769.690002,215.279999
2016/9/16,153.839996,114.919998,778.52002,213.369995
2016/9/19,154.869995,113.580002,775.099976,213.410004
2016/9/20,154.449997,113.57,780.219971,213.419998
2016/9/21,155.529999,113.550003,789.73999,215.820007
2016/9/22,156.110001,114.620003,804.700012,217.179993
2016/9/23,154.979996,112.709999,805.75,215.990005
2016/9/26,153.979996,112.879997,799.159973,214.240005
2016/9/27,156.770004,113.089996,816.109985,215.570007
2016/9/28,158.289993,113.949997,828.719971,216.639999
2016/9/29,158.110001,112.18,829.049988,214.679993
2016/9/30,158.850006,113.050003,837.309998,216.300003
2016/10/3,157.610001,112.519997,836.73999,215.779999
2016/10/4,156.460007,113,834.030029,214.679993
2016/10/5,157.080002,113.050003,844.359985,215.630005
2016/10/6,156.880005,113.889999,841.659973,215.779999
2016/10/7,155.669998,114.059998,839.429993,215.039993
2016/10/10,157.020004,116.050003,841.710022,216.160004
2016/10/11,154.789993,116.300003,831,213.429993
2016/10/12,154.289993,117.339996,834.090027,213.710007
2016/10/13,153.720001,116.980003,829.280029,213.009995
2016/10/14,154.449997,117.629997,822.960022,213.119995
2016/10/17,154.770004,117.550003,812.950012,212.380005
2016/10/18,150.720001,117.470001,817.650024,213.710007
2016/10/19,151.259995,117.120003,817.690002,214.279999
2016/10/20,151.520004,117.059998,810.320007,213.880005
2016/10/21,149.630005,116.599998,818.98999,213.979996
2016/10/24,150.570007,117.650002,838.090027,214.889999
2016/10/25,150.880005,118.25,835.179993,214.169998
2016/10/26,151.809998,115.589996,822.590027,213.740005
2016/10/27,153.350006,114.480003,818.359985,213.169998
2016/10/28,152.610001,113.720001,776.320007,212.539993
2016/10/31,153.690002,113.540001,789.820007,212.550003
2016/11/1,152.789993,111.489998,785.409973,211.009995
2016/11/2,151.949997,111.589996,765.559998,209.740005
2016/11/3,152.369995,109.830002,767.030029,208.779999
2016/11/4,152.429993,108.839996,755.049988,208.550003
2016/11/7,155.720001,110.410004,784.929993,213.149994
2016/11/8,155.169998,111.059998,787.75,214.110001
2016/11/9,154.809998,110.879997,771.880005,216.380005
2016/11/10,160.220001,107.790001,742.380005,216.919998
2016/11/11,161.270004,108.43,739.01001,216.419998
2016/11/14,158.210007,105.709999,719.070007,216.589996
2016/11/15,158.669998,107.110001,743.23999,218.279999
2016/11/16,159.289993,109.989998,746.48999,217.869995
2016/11/17,159.800003,109.949997,756.400024,218.990005
2016/11/18,160.389999,110.059998,760.159973,218.5
2016/11/21,162.770004,111.730003,780,220.149994
2016/11/22,162.669998,111.800003,785.330017,220.580002
2016/11/23,161.979996,111.230003,780.119995,220.699997
2016/11/25,163.139999,111.790001,780.369995,221.520004
2016/11/28,164.520004,111.57,766.77002,220.479996
2016/11/29,163.529999,111.459999,762.52002,220.910004
2016/11/30,162.220001,110.519997,750.570007,220.380005
2016/12/1,159.820007,109.489998,743.650024,219.570007
2016/12/2,160.020004,109.900002,740.340027,219.679993
2016/12/5,159.839996,109.110001,759.359985,221
2016/12/6,160.350006,109.949997,764.719971,221.699997
2016/12/7,164.789993,111.029999,770.419983,224.600006
2016/12/8,165.360001,112.120003,767.330017,225.149994
2016/12/9,166.520004,113.949997,768.659973,226.509995
2016/12/12,165.5,113.300003,760.119995,226.25
2016/12/13,168.289993,115.190002,774.340027,227.759995
2016/12/14,168.509995,115.190002,768.820007,225.880005
2016/12/15,168.020004,115.82,761,226.809998
2016/12/16,166.729996,115.970001,757.77002,225.039993
2016/12/19,166.679993,116.639999,766,225.529999
2016/12/20,167.600006,116.949997,771.219971,226.399994
2016/12/21,167.330002,117.059998,770.599976,225.770004
2016/12/22,167.059998,116.290001,766.340027,225.380005
2016/12/23,166.710007,116.519997,760.590027,225.710007
2016/12/27,167.139999,117.260002,771.400024,226.270004
2016/12/28,166.190002,116.760002,772.130005,224.399994
2016/12/29,166.600006,116.730003,765.150024,224.350006
2016/12/30,165.990005,115.82,749.869995,223.529999
2017/1/3,167.190002,116.150002,753.669983,225.240005
2017/1/4,169.259995,116.019997,757.179993,226.580002
2017/1/5,168.699997,116.610001,780.450012,226.399994
2017/1/6,169.529999,117.910004,795.98999,227.210007
2017/1/9,167.649994,118.989998,796.919983,226.460007
2017/1/10,165.520004,119.110001,795.900024,226.460007
2017/1/11,167.75,119.75,799.02002,227.100006
2017/1/12,167.949997,119.25,813.640015,226.529999
2017/1/13,167.339996,119.040001,817.140015,227.050003
2017/1/17,167.889999,120,809.719971,226.25
2017/1/18,166.800003,119.989998,807.47998,226.75
2017/1/19,166.809998,119.779999,809.039978,225.910004
2017/1/20,170.550003,120,808.330017,226.740005
2017/1/23,171.029999,120.080002,817.880005,226.149994
2017/1/24,175.899994,119.970001,822.440002,227.600006
2017/1/25,178.289993,121.879997,836.52002,229.570007
2017/1/26,178.660004,121.940002,839.150024,229.330002
2017/1/27,177.300003,121.949997,835.77002,228.970001
2017/1/30,175.800003,121.629997,830.380005,227.550003
2017/1/31,174.520004,121.349998,823.47998,227.529999
2017/2/1,174.289993,128.75,832.349976,227.619995
2017/2/2,174.580002,128.529999,839.950012,227.770004
2017/2/3,175.820007,129.080002,810.200012,229.339996
2017/2/6,175.860001,130.289993,807.640015,228.929993
2017/2/7,178.460007,131.529999,812.5,228.940002
2017/2/8,176.169998,132.039993,819.710022,229.240005
2017/2/9,177.210007,132.419998,821.359985,230.600006
2017/2/10,178.679993,132.119995,827.460022,231.509995
2017/2/13,179.360001,133.289993,836.530029,232.770004
2017/2/14,180.130005,135.020004,836.390015,233.699997
2017/2/15,181.679993,135.509995,842.700012,234.919998
2017/2/16,181.429993,135.350006,844.140015,234.720001
2017/2/17,180.669998,135.720001,845.070007,235.089996
2017/2/21,180.259995,136.699997,856.440002,236.490005
2017/2/22,181.149994,137.110001,855.609985,236.279999
2017/2/23,181.649994,136.529999,852.190002,236.440002
2017/2/24,181.350006,136.660004,845.23999,236.740005
2017/2/27,179.399994,136.929993,848.640015,237.110001
2017/2/28,179.820007,136.990005,845.039978,236.470001
2017/3/1,181.949997,139.789993,853.080017,239.779999
2017/3/2,180.529999,138.960007,848.909973,238.270004
2017/3/3,180.050003,139.779999,849.880005,238.419998
2017/3/6,180.470001,139.339996,846.609985,237.710007
2017/3/7,180.380005,139.520004,846.02002,237
2017/3/8,179.449997,139,850.5,236.559998
2017/3/9,177.179993,138.679993,853,236.860001
2017/3/10,177.830002,139.139999,852.460022,237.690002
2017/3/13,176.460007,139.199997,854.590027,237.809998
2017/3/14,175.720001,138.990005,852.530029,236.899994
2017/3/15,175.809998,140.460007,852.969971,238.949997
2017/3/16,177.240005,140.690002,853.419983,238.479996
2017/3/17,175.649994,139.990005,852.309998,237.029999
2017/3/20,175.699997,141.460007,856.969971,236.770004
2017/3/21,173.880005,139.839996,843.200012,233.729996
2017/3/22,174.779999,141.419998,848.059998,234.279999
2017/3/23,174.820007,140.919998,847.380005,234.029999
2017/3/24,173.830002,140.639999,845.609985,233.860001
2017/3/27,173.770004,140.880005,846.820007,233.619995
2017/3/28,174.509995,143.800003,856,235.320007
2017/3/29,173.940002,144.119995,874.320007,235.539993
2017/3/30,173.860001,143.929993,876.340027,236.289993
2017/3/31,174.139999,143.660004,886.539978,235.740005
2017/4/3,174.5,143.699997,891.51001,235.330002
2017/4/4,174.520004,144.770004,906.830017,235.479996
2017/4/5,172.880005,144.020004,909.280029,234.779999
2017/4/6,172.449997,143.660004,898.280029,235.440002
2017/4/7,172.139999,143.339996,894.880005,235.199997
2017/4/10,171.199997,143.169998,907.039978,235.339996
2017/4/11,170.580002,141.630005,902.359985,235.059998
2017/4/12,170.660004,141.800003,896.22998,234.029999
2017/4/13,169.529999,141.050003,884.669983,232.509995
2017/4/17,171.100006,141.830002,901.98999,234.570007
2017/4/18,170.050003,141.199997,903.780029,233.869995
2017/4/19,161.690002,140.679993,899.200012,233.440002
2017/4/20,162.300003,142.440002,902.059998,235.339996
2017/4/21,160.380005,142.270004,898.530029,234.589996
2017/4/24,160.75,143.639999,907.409973,237.169998
2017/4/25,160.389999,144.529999,907.619995,238.550003
2017/4/26,160.059998,143.679993,909.289978,238.399994
2017/4/27,160.320007,143.789993,918.380005,238.600006
2017/4/28,160.289993,143.649994,924.98999,238.080002
2017/5/1,158.839996,146.580002,948.22998,238.679993
2017/5/2,159.100006,147.509995,946.940002,238.770004
2017/5/3,158.630005,147.059998,941.030029,238.479996
2017/5/4,159.050003,146.529999,937.530029,238.759995
2017/5/5,155.050003,148.960007,934.150024,239.699997
2017/5/8,153.029999,153.009995,949.039978,239.660004
2017/5/9,152.110001,153.990005,952.820007,239.440002
2017/5/10,151.25,153.259995,948.950012,239.869995
2017/5/11,150.649994,153.949997,947.619995,239.380005
2017/5/12,150.369995,156.100006,961.349976,238.979996
2017/5/15,151.509995,155.699997,957.969971,240.300003
2017/5/16,153.679993,155.470001,966.070007,240.080002
2017/5/17,150.929993,150.25,944.76001,235.820007
2017/5/18,150.779999,152.539993,958.48999,236.770004
2017/5/19,151.979996,153.059998,959.840027,238.309998
2017/5/22,152.639999,153.990005,970.669983,239.520004
2017/5/23,152.029999,153.800003,971.539978,240.050003
2017/5/24,152.509995,153.339996,980.349976,240.610001
2017/5/25,153.199997,153.869995,993.380005,241.759995
2017/5/26,152.490005,153.610001,995.780029,241.710007
2017/5/30,151.729996,153.669998,996.700012,241.5
2017/5/31,152.630005,152.759995,994.619995,241.440002
2017/6/1,152.669998,153.179993,995.950012,243.360001
2017/6/2,152.050003,155.449997,1006.72998,244.169998
2017/6/5,152.410004,153.929993,1011.340027,243.990005
2017/6/6,152.369995,154.449997,1003,243.210007
2017/6/7,150.979996,155.369995,1010.070007,243.660004
2017/6/8,152.100006,154.990005,1010.27002,243.779999
2017/6/9,154.100006,148.979996,978.309998,243.410004
2017/6/12,155.179993,145.419998,964.909973,243.360001
2017/6/13,154.25,146.589996,980.789978,244.550003
2017/6/14,153.809998,145.160004,976.469971,244.240005
2017/6/15,154.220001,144.289993,964.169983,243.770004
2017/6/16,155.380005,142.270004,987.710022,242.639999
2017/6/19,154.839996,146.339996,995.169983,244.660004
2017/6/20,154.949997,145.009995,992.590027,243.009995
2017/6/21,153.789993,145.869995,1002.22998,242.949997
2017/6/22,154.399994,145.630005,1001.299988,242.839996
2017/6/23,154.110001,146.279999,1003.73999,243.130005
2017/6/26,155.229996,145.820007,993.97998,243.289993
2017/6/27,154.75,143.729996,976.780029,241.330002
2017/6/28,155.320007,145.830002,990.330017,243.490005
2017/6/29,154.130005,143.679993,975.929993,241.350006
2017/6/30,153.830002,144.020004,968,241.800003
2017/7/3,155.580002,143.5,953.659973,242.210007
2017/7/5,153.669998,144.089996,971.400024,242.770004
2017/7/6,152.360001,142.729996,965.140015,240.550003
2017/7/7,152.940002,144.179993,978.76001,242.110001
2017/7/10,153.419998,145.059998,996.469971,242.369995
2017/7/11,153.190002,145.529999,994.130005,242.190002
2017/7/12,153.699997,145.740005,1006.51001,244.009995
2017/7/13,153.630005,147.770004,1000.630005,244.419998
2017/7/14,154.240005,149.039993,1001.809998,245.559998
2017/7/17,153.009995,149.559998,1010.039978,245.529999
2017/7/18,154,150.080002,1024.449951,245.660004
2017/7/19,147.529999,151.020004,1026.869995,246.990005
2017/7/20,147.660004,150.339996,1028.699951,247.100006
2017/7/21,147.080002,150.270004,1025.670044,246.880005
2017/7/24,145.990005,152.089996,1038.949951,246.820007
2017/7/25,146.190002,152.740005,1039.869995,247.419998
2017/7/26,145.360001,153.460007,1052.800049,247.429993
2017/7/27,145.070007,150.559998,1046,247.199997
2017/7/28,144.289993,149.5,1020.039978,246.910004
2017/7/31,144.669998,148.729996,987.780029,246.770004
2017/8/1,145.300003,150.050003,996.190002,247.320007
2017/8/2,144.449997,157.139999,995.890015,247.440002
2017/8/3,144.940002,155.570007,986.919983,246.960007
2017/8/4,145.160004,156.389999,987.580017,247.410004
2017/8/7,143.470001,158.809998,992.27002,247.869995
2017/8/8,142.110001,160.080002,989.840027,247.259995
2017/8/9,141.770004,161.059998,982.01001,247.25
2017/8/10,141.839996,155.320007,956.919983,243.759995
2017/8/11,141.839996,157.479996,967.98999,244.119995
2017/8/14,142.320007,159.850006,983.299988,246.539993
2017/8/15,142.070007,161.600006,982.73999,246.509995
2017/8/16,142.5,160.949997,978.179993,246.940002
2017/8/17,140.699997,157.860001,960.570007,243.089996
2017/8/18,139.699997,157.5,958.469971,242.710007
2017/8/21,140.330002,157.210007,953.289978,242.899994
2017/8/22,141.009995,159.779999,966.900024,245.440002
2017/8/23,142.139999,159.979996,958,244.559998
2017/8/24,142.940002,159.270004,952.450012,243.990005
2017/8/25,143.740005,159.860001,945.26001,244.559998
2017/8/28,142.509995,161.470001,946.02002,244.570007
2017/8/29,143.139999,162.910004,954.059998,244.850006
2017/8/30,142.559998,163.350006,967.590027,246.009995
2017/8/31,143.029999,164,980.599976,247.490005
2017/9/1,144.080002,164.050003,978.25,247.839996
2017/9/5,143.039993,162.080002,965.27002,246.059998
2017/9/6,143.820007,161.910004,967.799988,246.899994
2017/9/7,142.899994,161.259995,979.469971,246.869995
2017/9/8,142.449997,158.630005,965.900024,246.580002
2017/9/11,144.860001,161.5,977.960022,249.210007
2017/9/12,145.759995,160.860001,982.580017,250.050003
2017/9/13,145.990005,159.649994,999.599976,250.169998
2017/9/14,145.539993,158.279999,992.210022,250.089996
2017/9/15,144.820007,159.880005,986.789978,249.190002
2017/9/18,144.550003,158.669998,974.190002,249.720001
2017/9/19,144.389999,158.729996,969.859985,249.970001
2017/9/20,145.880005,156.070007,973.210022,250.059998
2017/9/21,145.259995,153.389999,964.650024,249.389999
2017/9/22,145.130005,151.889999,955.099976,249.440002
2017/9/25,145.869995,150.550003,939.789978,248.929993
2017/9/26,146.559998,153.139999,938.599976,249.080002
2017/9/27,145.660004,154.229996,950.869995,250.050003
2017/9/28,145.660004,153.279999,956.400024,250.350006
2017/9/29,145.080002,154.119995,961.349976,251.229996
2017/10/2,146.660004,153.809998,959.190002,252.320007
2017/10/3,146.779999,154.479996,957.099976,252.860001
2017/10/4,146.479996,153.479996,965.450012,253.160004
2017/10/5,146.720001,155.389999,980.849976,254.660004
2017/10/6,146.479996,155.300003,989.580017,254.369995
2017/10/9,147.389999,155.839996,990.98999,253.949997
2017/10/10,148.5,155.899994,987.200012,254.619995
2017/10/11,147.619995,156.550003,995,255.020004
2017/10/12,147.029999,156,1000.929993,254.639999
2017/10/13,147.100006,156.990005,1002.940002,254.949997
2017/10/16,146.830002,159.880005,1006.340027,255.289993
2017/10/17,146.539993,160.470001,1009.130005,255.470001
2017/10/18,159.529999,159.759995,997,255.720001
2017/10/19,160.899994,155.979996,986.609985,255.789993
2017/10/20,162.070007,156.25,982.909973,257.109985
2017/10/23,159.550003,156.169998,966.299988,256.109985
2017/10/24,155.880005,157.100006,975.900024,256.559998
2017/10/25,153.5,156.410004,972.909973,255.289993
2017/10/26,153.600006,157.410004,972.429993,255.619995
2017/10/27,153.679993,163.050003,1100.949951,257.709991
2017/10/30,154.360001,166.720001,1110.849976,256.75
2017/10/31,154.059998,169.039993,1105.280029,257.149994
2017/11/1,154.029999,166.889999,1103.680054,257.48999
2017/11/2,153.350006,168.110001,1094.219971,257.589996
2017/11/3,151.580002,172.5,1111.599976,258.450012
2017/11/6,150.839996,174.25,1120.660034,258.850006
2017/11/7,151.350006,174.809998,1123.170044,258.670013
2017/11/8,151.570007,176.240005,1132.880005,259.109985
2017/11/9,150.300003,175.880005,1129.130005,258.170013
2017/11/10,149.160004,174.669998,1125.349976,258.089996
2017/11/13,148.399994,173.970001,1129.170044,258.329987
2017/11/14,148.889999,171.339996,1136.839966,257.730011
2017/11/15,147.100006,169.080002,1126.689941,256.440002
2017/11/16,149.119995,171.100006,1137.290039,258.619995
2017/11/17,148.970001,170.149994,1129.880005,257.859985
2017/11/20,150.509995,169.979996,1126.310059,258.299988
2017/11/21,151.949997,173.139999,1139.48999,259.98999
2017/11/22,151.770004,174.960007,1156.160034,259.76001
2017/11/24,151.839996,174.970001,1186,260.359985
2017/11/27,151.979996,174.089996,1195.829956,260.230011
2017/11/28,152.470001,173.070007,1193.599976,262.869995
2017/11/29,153.550003,169.479996,1161.27002,262.709991
2017/11/30,153.970001,171.850006,1176.75,265.01001
2017/12/1,154.759995,171.050003,1162.349976,264.459991
2017/12/4,156.460007,169.800003,1133.949951,264.140015
2017/12/5,155.350006,169.639999,1141.569946,263.190002
2017/12/6,154.100006,169.009995,1152.349976,263.23999
2017/12/7,153.570007,169.320007,1159.790039,264.070007
2017/12/8,154.809998,169.369995,1162,265.51001
2017/12/11,155.410004,172.669998,1168.920044,266.309998
2017/12/12,156.740005,171.699997,1165.079956,266.779999
2017/12/13,153.910004,172.270004,1164.130005,266.75
2017/12/14,154,172.220001,1174.26001,265.660004
2017/12/15,152.5,173.970001,1179.140015,266.51001
2017/12/18,153.330002,176.419998,1190.579956,268.200012
2017/12/19,153.229996,174.539993,1187.380005,267.170013
2017/12/20,152.949997,174.350006,1177.619995,267.029999
2017/12/21,151.5,175.009995,1174.76001,267.579987
2017/12/22,152.5,175.009995,1168.359985,267.51001
2017/12/26,152.830002,170.570007,1176.76001,267.190002
2017/12/27,153.130005,170.600006,1182.26001,267.320007
2017/12/28,154.039993,171.080002,1186.099976,267.869995
2017/12/29,153.419998,169.229996,1169.469971,266.859985
2018/1/2,154.25,172.259995,1189.01001,268.769989
2018/1/3,158.490005,172.229996,1204.199951,270.470001
2018/1/4,161.699997,173.029999,1209.589966,271.609985
2018/1/5,162.490005,175,1229.140015,273.420013
2018/1/8,163.470001,174.350006,1246.869995,273.920013
2018/1/9,163.830002,174.330002,1252.699951,274.540009
2018/1/10,164.179993,174.289993,1254.329956,274.119995
2018/1/11,164.199997,175.279999,1276.680054,276.119995
2018/1/12,163.139999,177.089996,1305.199951,277.920013
2018/1/16,163.850006,176.190002,1304.859985,276.970001
2018/1/17,168.649994,179.100006,1295,279.609985
2018/1/18,169.119995,179.259995,1293.319946,279.140015
2018/1/19,162.369995,178.460007,1294.579956,280.410004
2018/1/22,162.600006,177,1327.310059,282.690002
2018/1/23,166.25,177.039993,1362.540039,283.290009
2018/1/24,165.369995,174.220001,1357.51001,283.179993
2018/1/25,165.470001,171.110001,1377.949951,283.299988
2018/1/26,167.339996,171.509995,1402.050049,286.579987
2018/1/29,166.800003,167.960007,1417.680054,284.679993
2018/1/30,163.619995,166.970001,1437.819946,281.76001
2018/1/31,163.699997,167.429993,1450.890015,281.899994
2018/2/1,162.399994,167.779999,1390,281.579987
2018/2/2,159.029999,160.5,1429.949951,275.450012
2018/2/5,152.529999,156.490005,1390,263.929993
2018/2/6,155.339996,163.029999,1442.839966,269.130005
2018/2/7,153.850006,159.539993,1416.780029,267.670013
2018/2/8,147.589996,155.149994,1350.5,257.630005
2018/2/9,149.509995,156.410004,1339.599976,261.5
2018/2/12,151.399994,162.710007,1386.22998,265.339996
2018/2/13,150.75,164.339996,1414.51001,266
2018/2/14,154.759995,167.369995,1451.050049,269.589996
2018/2/15,156.009995,172.990005,1461.76001,273.029999
2018/2/16,156.179993,172.429993,1448.689941,273.109985
2018/2/20,155.160004,171.850006,1468.349976,271.399994
2018/2/21,153.960007,171.070007,1482.920044,270.049988
2018/2/22,153.179993,172.5,1485.339966,270.399994
2018/2/23,155.520004,175.5,1500,274.709991
2018/2/26,158.580002,178.970001,1521.949951,277.899994
2018/2/27,156.550003,178.389999,1511.97998,274.429993
2018/2/28,155.830002,178.119995,1512.449951,271.649994
2018/3/1,153.809998,175,1493.449951,267.700012
2018/3/2,154.490005,176.210007,1500.25,269.079987
2018/3/5,156.949997,176.820007,1523.609985,272.190002
2018/3/6,155.720001,176.669998,1537.640015,272.880005
2018/3/7,158.320007,175.029999,1545,272.779999
2018/3/8,156.210007,176.940002,1551.859985,274.100006
2018/3/9,159.309998,179.979996,1578.890015,278.869995
2018/3/12,160.259995,181.720001,1598.390015,278.519989
2018/3/13,159.320007,179.970001,1588.180054,276.720001
2018/3/14,158.119995,178.440002,1591,275.299988
2018/3/15,159.610001,178.649994,1582.319946,275
2018/3/16,160.259995,178.020004,1571.680054,274.200012
2018/3/19,157.350006,175.300003,1544.930054,270.48999
2018/3/20,156.199997,175.240005,1586.51001,270.950012
2018/3/21,156.690002,171.270004,1581.859985,270.429993
2018/3/22,152.089996,168.850006,1544.920044,263.670013
2018/3/23,148.889999,164.940002,1495.560059,258.049988
2018/3/26,153.369995,172.770004,1555.859985,265.109985
2018/3/27,151.910004,168.339996,1497.050049,260.600006
2018/3/28,152.520004,166.479996,1431.420044,259.829987
2018/3/29,153.429993,167.779999,1447.339966,263.149994
2018/4/2,150.070007,166.679993,1371.98999,257.470001
2018/4/3,149.850006,168.389999,1392.050049,260.769989
2018/4/4,154.119995,171.610001,1410.569946,263.559998
2018/4/5,154.029999,172.800003,1451.75,265.640015
2018/4/6,150.570007,168.380005,1405.22998,259.720001
2018/4/9,152.690002,170.050003,1406.079956,261
2018/4/10,155.389999,173.25,1436.219971,265.149994
2018/4/11,155.360001,172.440002,1427.050049,263.76001
2018/4/12,158.070007,174.139999,1448.5,265.929993
2018/4/13,156.710007,174.729996,1430.790039,265.149994
2018/4/16,157.889999,175.820007,1441.5,267.329987
2018/4/17,160.910004,178.240005,1503.829956,270.190002
2018/4/18,148.789993,177.839996,1527.839966,270.390015
2018/4/19,147.699997,172.800003,1556.910034,268.890015
2018/4/20,144.899994,165.720001,1527.48999,266.609985
2018/4/23,145.860001,165.240005,1517.859985,266.570007
2018/4/24,145.559998,162.940002,1460.089966,262.980011
2018/4/25,145.940002,163.649994,1460.170044,263.630005
2018/4/26,146.720001,164.220001,1517.959961,266.309998
2018/4/27,146.479996,162.320007,1572.619995,266.559998
2018/4/30,144.960007,165.259995,1566.130005,264.51001
2018/5/1,145,169.100006,1582.26001,264.980011
2018/5/2,142.449997,176.570007,1569.680054,263.200012
2018/5/3,141.990005,176.889999,1572.079956,262.619995
2018/5/4,143.910004,183.830002,1580.949951,266.019989
2018/5/7,143.220001,185.160004,1600.140015,266.920013
2018/5/8,143,186.050003,1592.390015,266.920013
2018/5/9,142.610001,187.360001,1608,269.5
2018/5/10,144.240005,190.039993,1609.079956,272.019989
2018/5/11,144.139999,188.589996,1602.910034,272.850006
2018/5/14,144.300003,188.149994,1601.540039,272.980011
2018/5/15,143.740005,186.440002,1576.119995,271.100006
2018/5/16,144.630005,188.179993,1587.280029,272.23999
2018/5/17,144.5,186.990005,1581.76001,272.01001
2018/5/18,144.080002,186.309998,1574.369995,271.329987
2018/5/21,145.490005,187.630005,1585.459961,273.369995
2018/5/22,145.089996,187.160004,1581.400024,272.609985
2018/5/23,144.669998,188.360001,1601.859985,273.359985
2018/5/24,144.070007,188.149994,1603.069946,272.799988
2018/5/25,143.639999,188.580002,1610.150024,272.149994
2018/5/29,141.220001,187.899994,1612.869995,269.019989
2018/5/30,142.619995,187.5,1624.890015,272.609985
2018/5/31,141.309998,186.869995,1629.619995,270.940002
2018/6/1,141.949997,190.240005,1641.540039,273.600006
2018/6/4,143.039993,191.830002,1665.27002,274.899994
2018/6/5,143.699997,193.309998,1696.349976,275.100006
2018/6/6,144.710007,193.979996,1695.75,277.399994
2018/6/7,145.360001,193.460007,1689.300049,277.369995
2018/6/8,146.139999,191.699997,1683.98999,278.190002
2018/6/11,146.580002,191.229996,1689.119995,278.559998
2018/6/12,146.869995,192.279999,1698.75,278.920013
2018/6/13,146.350006,190.699997,1704.859985,278.029999
2018/6/14,145.199997,190.800003,1723.859985,278.730011
2018/6/15,145.389999,188.839996,1715.969971,277.130005
2018/6/18,144.479996,188.740005,1723.790039,276.559998
2018/6/19,143.899994,185.690002,1734.780029,275.5
2018/6/20,142.630005,186.5,1750.079956,275.970001
2018/6/21,141.25,185.460007,1730.219971,274.23999
2018/6/22,141.279999,184.919998,1715.670044,274.73999
2018/6/25,138.789993,182.169998,1663.150024,271
2018/6/26,139.080002,184.429993,1691.089966,271.600006
2018/6/27,137.479996,184.160004,1660.51001,269.350006
2018/6/28,140.039993,185.5,1701.449951,270.890015
2018/6/29,139.699997,185.110001,1699.800049,271.279999
2018/7/2,139.860001,187.179993,1713.780029,271.859985
2018/7/3,139.570007,183.919998,1693.959961,270.899994
2018/7/5,141.429993,185.399994,1699.72998,273.109985
2018/7/6,142.479996,187.970001,1710.630005,275.420013
2018/7/9,144.389999,190.580002,1739.02002,277.899994
2018/7/10,144.710007,190.350006,1743.069946,278.899994
2018/7/11,144.940002,187.880005,1755,276.859985
2018/7/12,146.449997,191.029999,1796.619995,279.369995
2018/7/13,145.899994,191.330002,1813.030029,279.589996
2018/7/16,145.460007,190.910004,1822.48999,279.339996
2018/7/17,143.490005,191.449997,1843.930054,280.470001
2018/7/18,144.520004,190.399994,1842.920044,281.059998
2018/7/19,149.240005,191.880005,1812.969971,280
2018/7/20,146.350006,191.440002,1813.699951,279.679993
2018/7/23,145.699997,191.610001,1802,280.200012
2018/7/24,146.380005,193,1829.23999,281.609985
2018/7/25,146.619995,194.820007,1863.609985,284.01001
2018/7/26,146.710007,194.210007,1808,283.339996
2018/7/27,145.149994,190.979996,1817.27002,281.420013
2018/7/30,145.490005,189.910004,1779.219971,279.950012
2018/7/31,144.929993,190.289993,1777.439941,281.329987
2018/8/1,143.5,201.5,1797.170044,280.859985
2018/8/2,142.960007,207.389999,1834.329956,282.390015
2018/8/3,147.699997,207.990005,1823.290039,283.600006
2018/8/6,146.029999,209.070007,1847.75,284.640015
2018/8/7,147.009995,207.110001,1862.47998,285.579987
2018/8/8,146.889999,207.25,1886.52002,285.459991
2018/8/9,144.770004,208.880005,1898.52002,285.070007
2018/8/10,144.479996,207.529999,1886.300049,283.160004
2018/8/13,142.710007,208.869995,1896.199951,282.100006
2018/8/14,143.360001,209.75,1919.650024,283.899994
2018/8/15,143.910004,210.240005,1882.619995,281.779999
2018/8/16,145.339996,213.320007,1886.52002,284.059998
2018/8/17,146.059998,217.580002,1882.219971,285.059998
2018/8/20,146.509995,215.460007,1876.709961,285.670013
2018/8/21,145.970001,215.039993,1883.420044,286.339996
2018/8/22,145.240005,215.050003,1904.900024,286.170013
2018/8/23,145.369995,215.490005,1902.900024,285.790009
2018/8/24,146.039993,216.160004,1905.390015,287.51001
2018/8/27,146.690002,217.940002,1927.680054,289.779999
2018/8/28,146.589996,219.699997,1932.819946,289.920013
2018/8/29,147.539993,222.979996,1998.099976,291.480011
2018/8/30,145.929993,225.029999,2002.380005,290.299988
2018/8/31,146.479996,227.630005,2012.709961,290.309998
2018/9/4,145.679993,228.360001,2039.51001,289.809998
2018/9/5,146.660004,226.869995,1994.819946,289.029999
2018/9/6,146.389999,223.100006,1958.310059,288.160004
2018/9/7,145.449997,221.300003,1952.069946,287.600006
2018/9/10,145.649994,218.330002,1939.01001,288.100006
2018/9/11,146.490005,223.850006,1987.150024,289.049988
2018/9/12,146.570007,221.070007,1990,289.119995
2018/9/13,148.949997,226.410004,1989.869995,290.829987
2018/9/14,148.330002,223.839996,1970.189941,290.880005
2018/9/17,147.940002,217.880005,1908.030029,289.339996
2018/9/18,148.559998,218.240005,1941.050049,290.910004
2018/9/19,149.059998,218.369995,1926.420044,291.220001
2018/9/20,151.149994,220.029999,1944.300049,293.579987
2018/9/21,151.350006,217.660004,1915.01001,291.98999
2018/9/24,150.029999,220.789993,1934.359985,291.019989
2018/9/25,148.910004,222.190002,1974.550049,290.75
2018/9/26,151.610001,220.419998,1974.849976,289.880005
2018/9/27,151.5,224.949997,2012.97998,290.690002
2018/9/28,151.210007,225.740005,2003,290.720001
2018/10/1,153,227.259995,2004.359985,291.730011
2018/10/2,153.75,229.279999,1971.310059,291.559998
2018/10/3,153.220001,232.070007,1952.76001,291.720001
2018/10/4,151.309998,227.990005,1909.420044,289.440002
2018/10/5,149.029999,224.289993,1889.650024,287.820007
2018/10/8,148.389999,223.770004,1864.420044,287.820007
2018/10/9,147.240005,226.869995,1870.319946,287.399994
2018/10/10,142.690002,216.360001,1755.25,278.299988
2018/10/11,139.020004,214.449997,1719.359985,272.170013
2018/10/12,140.850006,222.110001,1788.609985,275.950012
2018/10/15,141.130005,217.360001,1760.949951,274.399994
2018/10/16,145.119995,222.149994,1819.959961,280.399994
2018/10/17,134.050003,221.190002,1831.72998,280.450012
2018/10/18,130.550003,216.020004,1770.719971,276.399994
2018/10/19,129.100006,219.309998,1764.030029,276.25
2018/10/22,130.020004,220.649994,1789.300049,275.01001
2018/10/23,131.210007,222.729996,1768.699951,273.609985
2018/10/24,127.209999,215.089996,1664.199951,265.320007
2018/10/25,126.449997,219.800003,1782.170044,270.079987
2018/10/26,124.790001,216.300003,1642.810059,265.329987
2018/10/29,119.639999,212.240005,1538.880005,263.859985
2018/10/30,115.400002,213.300003,1530.420044,267.769989
2018/10/31,115.43,218.860001,1598.01001,270.630005
2018/11/1,116.830002,222.220001,1665.530029,273.51001
2018/11/2,115.669998,207.479996,1665.530029,271.890015
2018/11/5,120.059998,201.589996,1627.800049,273.390015
2018/11/6,123.120003,203.770004,1642.810059,275.119995
2018/11/7,124.839996,209.949997,1755.48999,281.01001
2018/11/8,123.379997,208.490005,1754.910034,280.5
2018/11/9,123.540001,204.470001,1712.430054,277.76001
2018/11/12,120.900002,194.169998,1636.849976,272.570007
2018/11/13,120.839996,192.229996,1631.170044,272.059998
2018/11/14,120.199997,186.800003,1599.01001,270.200012
2018/11/15,121.440002,191.410004,1619.439941,273.019989
2018/11/16,121.57,193.529999,1593.410034,273.730011
2018/11/19,120.309998,185.860001,1512.290039,269.100006
2018/11/20,117.199997,176.979996,1495.459961,264.119995
2018/11/21,118.57,176.779999,1516.72998,265.019989
2018/11/23,117.190002,172.289993,1502.060059,263.25
2018/11/26,119.559998,174.619995,1581.329956,267.5
2018/11/27,120.029999,174.240005,1581.420044,268.399994
2018/11/28,123,180.940002,1677.75,274.579987
2018/11/29,121.480003,179.550003,1673.569946,273.980011
2018/11/30,124.269997,178.580002,1690.170044,275.649994
2018/12/3,125.309998,184.820007,1772.359985,279.299988
2018/12/4,121.599998,176.690002,1668.400024,270.25
2018/12/6,123.910004,174.720001,1699.189941,269.839996
2018/12/7,119.339996,168.490005,1629.130005,263.570007
2018/12/10,121.129997,169.600006,1641.030029,264.070007
2018/12/11,120.889999,168.630005,1643.23999,264.130005
2018/12/12,121.160004,169.100006,1663.540039,265.459991
2018/12/13,120.730003,170.949997,1658.380005,265.369995
2018/12/14,119.900002,165.479996,1591.910034,260.470001
2018/12/17,116.099998,163.940002,1520.910034,255.360001
2018/12/18,116.650002,166.070007,1551.47998,255.080002
2018/12/19,116.43,160.889999,1495.079956,251.259995
2018/12/20,113.019997,156.830002,1460.829956,247.169998
2018/12/21,110.940002,150.729996,1377.449951,240.699997
2018/12/24,107.57,146.830002,1343.959961,234.339996
2018/12/26,111.389999,157.169998,1470.900024,246.179993
2018/12/27,113.779999,156.149994,1461.640015,248.070007
2018/12/28,113.029999,156.229996,1478.02002,247.75
2018/12/31,113.669998,157.740005,1501.969971,249.919998
2019/1/2,115.209999,157.919998,1539.130005,250.179993
2019/1/3,112.910004,142.190002,1500.280029,244.210007
2019/1/4,117.32,148.259995,1575.390015,252.389999
2019/1/7,118.150002,147.929993,1629.51001,254.380005
2019/1/8,119.830002,150.75,1656.579956,256.769989
2019/1/9,120.690002,153.309998,1659.420044,257.970001
2019/1/10,121.790001,153.800003,1656.219971,258.880005
2019/1/11,121.459999,152.289993,1640.560059,258.980011
2019/1/14,120.389999,150,1617.209961,257.399994
2019/1/15,121.730003,153.070007,1674.560059,260.350006
2019/1/16,121.620003,154.940002,1683.780029,260.980011
2019/1/17,122.190002,155.860001,1693.219971,262.959991
2019/1/18,123.82,156.820007,1696.199951,266.459991
2019/1/22,122.519997,153.300003,1632.170044,262.859985
2019/1/23,132.889999,153.919998,1640.02002,263.410004
2019/1/24,132.529999,152.699997,1654.930054,263.549988
2019/1/25,133.970001,157.759995,1670.569946,265.779999
2019/1/28,134.270004,156.300003,1637.890015,263.76001
2019/1/29,134.330002,154.679993,1593.880005,263.410004
2019/1/30,134.380005,165.25,1670.430054,267.579987
2019/1/31,134.419998,166.440002,1718.72998,269.929993
2019/2/1,134.100006,166.520004,1626.22998,270.059998
2019/2/4,135.190002,171.25,1633.310059,271.959991
2019/2/5,135.550003,174.179993,1658.810059,273.100006
2019/2/6,136.320007,174.240005,1640.26001,272.73999
2019/2/7,133.190002,170.940002,1614.369995,270.140015
2019/2/8,133.710007,170.410004,1588.219971,270.470001
2019/2/11,133.990005,169.429993,1591,270.619995
2019/2/12,136.050003,170.889999,1638.01001,274.100006
2019/2/13,137.520004,170.179993,1640,274.98999
2019/2/14,136.479996,170.800003,1622.650024,274.380005
2019/2/15,138.029999,170.419998,1607.949951,277.369995
2019/2/19,138.699997,170.929993,1627.579956,277.850006
2019/2/20,138,172.029999,1622.099976,278.410004
2019/2/21,137.839996,171.059998,1619.439941,277.420013
2019/2/22,139.25,172.970001,1631.560059,279.140015
2019/2/25,139.460007,174.229996,1633,279.519989
2019/2/26,139.720001,174.330002,1636.400024,279.320007
2019/2/27,139.169998,174.869995,1641.089966,279.200012
2019/2/28,138.130005,173.149994,1639.829956,278.679993
2019/3/1,139.199997,174.970001,1671.72998,280.420013
2019/3/4,138.429993,175.850006,1696.170044,279.399994
2019/3/5,137.880005,175.529999,1692.430054,279.019989
2019/3/6,136.979996,174.520004,1668.949951,277.329987
2019/3/7,135.360001,172.5,1625.949951,275.01001
2019/3/8,135.089996,172.910004,1620.800049,274.459991
2019/3/11,137.710007,178.899994,1670.619995,278.440002
2019/3/12,138.279999,180.910004,1673.099976,279.48999
2019/3/13,138.559998,181.710007,1690.810059,281.339996
2019/3/14,138.789993,183.729996,1686.219971,281.160004
2019/3/15,139.429993,186.119995,1712.359985,281.309998
2019/3/18,140.210007,188.020004,1742.150024,282.329987
2019/3/19,140.490005,186.529999,1761.849976,282.399994
2019/3/20,139.600006,188.160004,1797.27002,281.549988
2019/3/21,141.440002,195.089996,1819.26001,284.730011
2019/3/22,139.449997,191.050003,1764.77002,279.25
2019/3/25,139.179993,188.740005,1774.26001,279.040009
2019/3/26,140.220001,186.789993,1783.76001,281.119995
2019/3/27,139.240005,188.470001,1765.699951,279.649994
2019/3/28,139.919998,188.720001,1773.420044,280.709991
2019/3/29,141.100006,189.949997,1780.75,282.480011
2019/4/1,143.300003,191.240005,1814.189941,285.829987
2019/4/2,143,194.020004,1813.97998,285.970001
2019/4/3,143.630005,195.350006,1820.699951,286.420013
2019/4/4,142.779999,195.690002,1818.859985,287.179993
2019/4/5,143.279999,197,1837.280029,288.570007
2019/4/8,143.389999,200.100006,1849.859985,288.790009
2019/4/9,142.110001,199.5,1835.839966,287.309998
2019/4/10,143.020004,200.619995,1847.329956,288.290009
2019/4/11,143.779999,198.949997,1844.069946,288.209991
2019/4/12,144.350006,198.869995,1843.060059,290.160004
2019/4/15,143.899994,199.229996,1844.869995,289.970001
2019/4/16,145.139999,199.25,1863.040039,290.160004
